name,1992,1993,1994,1995,1996,1997,1998,1999,2000,2001,2002,2003,2004,2005,2006,2007,2008,2009,2010,2011,2012,2013,2014,2015,2016,2017,2018,2019,2020,2021,2022,timezones,code,continent,capital,country_abrv,confederation,timeDiff2018,timeDiff2022
Afghanistan,,,,,,,,,,,,199.0,197.0,198.0,181.0,186.0,187.0,187.0,193.0,180.0,170.0,145.0,132.0,141.0,149.0,153.0,145.0,148.0,149.0,150.0,150.0,Asia/Kabul,AF,Asia,Kabul,AFG,AFC,1.5,1.5
Albania,86.0,91.0,100.0,96.0,102.0,118.0,103.0,90.0,84.0,84.0,94.0,91.0,90.0,86.0,80.0,77.0,84.0,90.0,75.0,64.0,77.0,51.0,59.0,44.0,41.0,62.0,58.0,64.0,66.0,66.0,65.0,Europe/Tirane,AL,Europe,Tirana,ALB,UEFA,1.0,1.0
Algeria,30.0,32.0,47.0,52.0,45.0,55.0,61.0,76.0,78.0,77.0,74.0,66.0,59.0,78.0,83.0,76.0,81.0,52.0,32.0,43.0,30.0,31.0,22.0,20.0,34.0,53.0,64.0,49.0,33.0,31.0,43.0,Africa/Algiers,DZ,Africa,Algiers,ALG,CAF,2.0,2.0
American Samoa,,,,,,,192.0,198.0,201.0,201.0,200.0,201.0,203.0,204.0,205.0,,,,,186.0,183.0,194.0,196.0,192.0,175.0,190.0,191.0,191.0,192.0,191.0,189.0,Pacific/Pago_Pago,AS,North America,Pago Pago,ASA,OFC,8.0,8.0
Andorra,,,,,,185.0,178.0,156.0,146.0,143.0,140.0,141.0,146.0,133.0,141.0,164.0,183.0,196.0,201.0,202.0,200.0,202.0,199.0,202.0,202.0,165.0,132.0,135.0,140.0,155.0,154.0,Europe/Andorra,AD,Europe,Andorra la Vella,AND,UEFA,1.0,1.0
Angola,102.0,97.0,117.0,84.0,76.0,61.0,53.0,57.0,52.0,54.0,62.0,81.0,81.0,68.0,56.0,61.0,64.0,89.0,88.0,95.0,82.0,91.0,88.0,90.0,126.0,142.0,135.0,122.0,124.0,126.0,126.0,Africa/Luanda,AO,Africa,Luanda,ANG,CAF,2.0,2.0
Anguilla,,,,,,,,200.0,197.0,194.0,195.0,196.0,197.0,197.0,197.0,196.0,198.0,,,198.0,202.0,205.0,206.0,208.0,,,207.0,209.0,209.0,209.0,209.0,America/Anguilla,AL,North America,The Valley,AIA,CONCACAF,1.0,1.0
Antigua and Barbuda,109.0,125.0,124.0,138.0,141.0,155.0,145.0,147.0,148.0,150.0,158.0,160.0,161.0,153.0,142.0,135.0,133.0,116.0,121.0,99.0,101.0,118.0,124.0,97.0,86.0,109.0,129.0,125.0,126.0,127.0,127.0,America/Antigua,AG,North America,St. John's,ATG,CONCACAF,1.0,1.0
Argentina,10.0,8.0,8.0,7.0,15.0,15.0,6.0,6.0,4.0,2.0,3.0,4.0,5.0,3.0,4.0,2.0,3.0,6.0,6.0,7.0,7.0,3.0,3.0,1.0,1.0,2.0,7.0,10.0,8.0,6.0,4.0,America/Argentina/Buenos_Aires,AR,South America,Buenos Aires,ARG,CONMEBOL,0.0,0.0
Armenia,,,147.0,128.0,114.0,107.0,107.0,88.0,87.0,95.0,100.0,109.0,116.0,116.0,111.0,100.0,91.0,116.0,89.0,58.0,55.0,66.0,47.0,89.0,108.0,79.0,97.0,100.0,101.0,91.0,92.0,Asia/Yerevan,AM,Asia,Yerevan,ARM,UEFA,1.0,1.0
Aruba,,,,168.0,175.0,175.0,175.0,185.0,185.0,185.0,186.0,193.0,195.0,198.0,200.0,,193.0,195.0,198.0,184.0,160.0,159.0,141.0,130.0,141.0,169.0,184.0,193.0,200.0,201.0,200.0,America/Aruba,AW,North America,Oranjestad,ARU,CONCACAF,1.0,1.0
Australia,45.0,55.0,49.0,51.0,52.0,33.0,35.0,62.0,78.0,59.0,47.0,59.0,67.0,55.0,40.0,45.0,38.0,24.0,21.0,21.0,25.0,47.0,73.0,64.0,54.0,46.0,38.0,43.0,41.0,36.0,39.0,Australia/Melbourne,AU,Oceania,Canberra,AUS,AFC,7.0,7.0
Austria,34.0,35.0,39.0,42.0,40.0,35.0,25.0,21.0,35.0,45.0,57.0,58.0,77.0,74.0,69.0,79.0,94.0,73.0,57.0,65.0,65.0,61.0,37.0,17.0,18.0,36.0,25.0,26.0,25.0,26.0,32.0,Europe/Vienna,AT,Europe,Vienna,AUT,UEFA,1.0,1.0
Azerbaijan,,,149.0,145.0,129.0,123.0,110.0,99.0,106.0,114.0,113.0,114.0,115.0,115.0,115.0,115.0,132.0,133.0,104.0,107.0,111.0,110.0,97.0,117.0,118.0,93.0,113.0,110.0,112.0,114.0,125.0,Asia/Baku,AZ,Asia,Baku,AZE,UEFA,1.0,1.0
Bahamas,,,,,,,,188.0,180.0,181.0,184.0,189.0,191.0,192.0,175.0,156.0,169.0,176.0,184.0,173.0,168.0,182.0,189.0,196.0,,,209.0,204.0,195.0,200.0,201.0,America/Nassau,BS,North America,Nassau,BAH,CONCACAF,1.0,1.0
Bahrain,88.0,79.0,83.0,83.0,115.0,115.0,129.0,122.0,131.0,118.0,106.0,95.0,53.0,51.0,77.0,97.0,75.0,68.0,73.0,98.0,103.0,117.0,109.0,111.0,127.0,124.0,116.0,105.0,98.0,93.0,89.0,Asia/Bahrain,BH,Asia,Manama,BHR,AFC,0.0,0.0
Bangladesh,133.0,119.0,125.0,132.0,125.0,137.0,151.0,147.0,140.0,146.0,151.0,147.0,156.0,167.0,146.0,168.0,177.0,169.0,154.0,153.0,161.0,159.0,166.0,170.0,181.0,192.0,194.0,186.0,186.0,186.0,187.0,Asia/Dhaka,BD,Asia,Dhaka,BAN,AFC,3.0,3.0
Barbados,114.0,110.0,101.0,110.0,107.0,110.0,111.0,115.0,103.0,106.0,107.0,100.0,114.0,120.0,122.0,112.0,125.0,116.0,128.0,143.0,165.0,151.0,160.0,139.0,149.0,163.0,158.0,163.0,162.0,162.0,163.0,America/Barbados,BB,North America,Bridgetown,BRB,CONCACAF,1.0,1.0
Belarus,146.0,132.0,134.0,107.0,88.0,103.0,105.0,93.0,100.0,88.0,82.0,81.0,80.0,64.0,65.0,69.0,61.0,80.0,66.0,48.0,71.0,72.0,88.0,89.0,71.0,79.0,81.0,83.0,87.0,91.0,93.0,Europe/Minsk,BY,Europe,Minsk,BLR,UEFA,0.0,0.0
Belgium,17.0,22.0,25.0,23.0,37.0,39.0,32.0,28.0,29.0,26.0,19.0,16.0,25.0,47.0,53.0,58.0,48.0,61.0,60.0,42.0,39.0,12.0,7.0,2.0,2.0,6.0,2.0,1.0,1.0,1.0,1.0,Europe/Brussels,BE,Europe,Brussels,BEL,UEFA,1.0,1.0
Belize,,,,173.0,177.0,178.0,180.0,186.0,186.0,175.0,160.0,167.0,179.0,180.0,180.0,,173.0,176.0,178.0,154.0,140.0,141.0,156.0,142.0,141.0,156.0,166.0,166.0,170.0,170.0,171.0,America/Belize,BZ,North America,Belmopan,BLZ,CONCACAF,3.0,3.0
Benin,127.0,126.0,138.0,151.0,154.0,132.0,130.0,132.0,144.0,152.0,147.0,130.0,122.0,121.0,110.0,99.0,100.0,80.0,64.0,92.0,97.0,99.0,90.0,98.0,71.0,80.0,87.0,86.0,83.0,82.0,83.0,Africa/Porto-Novo,BJ,Africa,Porto-Novo,BEN,CAF,2.0,2.0
Bermuda,58.0,79.0,91.0,122.0,155.0,169.0,181.0,168.0,151.0,159.0,168.0,178.0,164.0,157.0,149.0,128.0,133.0,132.0,152.0,159.0,115.0,161.0,173.0,146.0,175.0,183.0,179.0,171.0,168.0,166.0,166.0,Atlantic/Bermuda,VI,Atlantic,Charlotte Amalie,BER,CONCACAF,0.0,0.0
Bhutan,,,,,,,,,200.0,201.0,200.0,193.0,188.0,188.0,190.0,195.0,193.0,192.0,197.0,198.0,201.0,,,168.0,186.0,174.0,186.0,187.0,189.0,186.0,186.0,Asia/Thimphu,BT,Asia,Thimphu,BHU,AFC,3.0,3.0
Bolivia,87.0,56.0,46.0,51.0,39.0,26.0,48.0,54.0,67.0,71.0,76.0,101.0,98.0,96.0,95.0,94.0,83.0,58.0,67.0,97.0,86.0,57.0,76.0,79.0,84.0,69.0,56.0,69.0,76.0,79.0,77.0,America/La_Paz,BO,South America,Sucre,BOL,CONMEBOL,1.0,1.0
Bosnia and Herzegovina,,,,,165.0,112.0,97.0,89.0,78.0,73.0,76.0,71.0,68.0,74.0,57.0,44.0,65.0,47.0,51.0,36.0,26.0,19.0,22.0,28.0,23.0,31.0,37.0,42.0,50.0,57.0,59.0,Europe/Sarajevo,BA,Europe,Sarajevo,BIH,UEFA,1.0,1.0
Botswana,139.0,137.0,147.0,147.0,160.0,160.0,154.0,160.0,156.0,152.0,137.0,124.0,109.0,101.0,103.0,101.0,111.0,123.0,95.0,77.0,111.0,113.0,96.0,108.0,95.0,131.0,143.0,147.0,147.0,148.0,148.0,Africa/Gaborone,BW,Africa,Gaborone,BOT,CAF,1.0,1.0
Brazil,3.0,3.0,1.0,1.0,1.0,1.0,1.0,1.0,1.0,1.0,1.0,1.0,1.0,1.0,1.0,2.0,3.0,3.0,2.0,4.0,9.0,14.0,6.0,5.0,5.0,1.0,2.0,2.0,3.0,2.0,1.0,America/Sao_Paulo,BR,South America,Brasilia,BRA,CONMEBOL,0.0,0.0
British Virgin Islands,,,,,,178.0,182.0,170.0,167.0,164.0,161.0,168.0,175.0,164.0,172.0,182.0,178.0,189.0,187.0,185.0,196.0,195.0,199.0,197.0,201.0,204.0,205.0,206.0,208.0,208.0,208.0,Atlantic/Bermuda,VG,Atlantic,Road Town,VGB,CONCACAF,0.0,0.0
Brunei Darussalam,140.0,146.0,157.0,167.0,169.0,175.0,179.0,185.0,189.0,191.0,190.0,193.0,194.0,198.0,185.0,175.0,186.0,183.0,190.0,197.0,198.0,185.0,193.0,187.0,192.0,187.0,193.0,192.0,191.0,189.0,189.0,Asia/Brunei,BN,Asia,Bandar Seri Begawan,BRU,AFC,5.0,5.0
Bulgaria,26.0,32.0,20.0,12.0,19.0,19.0,40.0,32.0,46.0,49.0,49.0,38.0,38.0,42.0,38.0,32.0,18.0,24.0,41.0,56.0,79.0,57.0,68.0,68.0,73.0,54.0,46.0,57.0,62.0,70.0,72.0,Europe/Sofia,BG,Europe,Sofia,BUL,UEFA,0.0,0.0
Burkina Faso,97.0,121.0,100.0,98.0,104.0,104.0,70.0,76.0,76.0,72.0,77.0,74.0,77.0,87.0,79.0,78.0,86.0,55.0,45.0,45.0,82.0,54.0,60.0,72.0,71.0,43.0,55.0,59.0,58.0,60.0,56.0,Africa/Ouagadougou,BF,Africa,Ouagadougou,BFA,CAF,3.0,3.0
Burundi,100.0,99.0,113.0,133.0,140.0,147.0,153.0,134.0,136.0,132.0,131.0,138.0,150.0,144.0,144.0,115.0,125.0,129.0,139.0,143.0,130.0,120.0,126.0,123.0,126.0,136.0,144.0,143.0,146.0,140.0,140.0,Africa/Bujumbura,BI,Africa,Bujumbura,BDI,CAF,1.0,1.0
Cambodia,,,,,,176.0,159.0,171.0,173.0,170.0,172.0,171.0,183.0,185.0,183.0,175.0,182.0,175.0,175.0,170.0,180.0,190.0,190.0,180.0,178.0,173.0,170.0,171.0,173.0,173.0,171.0,Asia/Phnom_Penh,KH,Asia,Phnom Penh,CAM,AFC,4.0,4.0
Cameroon,22.0,23.0,27.0,37.0,41.0,49.0,42.0,49.0,37.0,37.0,19.0,15.0,15.0,24.0,14.0,17.0,15.0,19.0,29.0,46.0,62.0,62.0,47.0,47.0,59.0,39.0,49.0,53.0,52.0,53.0,37.0,Africa/Douala,CM,Africa,Yaounde,CMR,CAF,2.0,2.0
Canada,57.0,46.0,54.0,64.0,63.0,54.0,83.0,90.0,64.0,75.0,73.0,77.0,92.0,85.0,78.0,69.0,71.0,76.0,77.0,83.0,71.0,89.0,114.0,106.0,99.0,104.0,81.0,75.0,72.0,56.0,35.0,America/Montreal,CA,North America,Ottawa,CAN,CONCACAF,1.0,1.0
Cape Verde,135.0,143.0,154.0,161.0,149.0,164.0,163.0,172.0,166.0,159.0,158.0,148.0,137.0,122.0,105.0,86.0,102.0,104.0,98.0,73.0,68.0,55.0,43.0,41.0,55.0,81.0,65.0,76.0,78.0,75.0,72.0,Atlantic/Cape_Verde,CV,Atlantic,Praia,CPV,CAF,2.0,2.0
Cayman Islands,,152.0,144.0,142.0,143.0,157.0,157.0,155.0,155.0,161.0,168.0,173.0,182.0,176.0,180.0,188.0,180.0,173.0,171.0,167.0,183.0,194.0,197.0,194.0,198.0,201.0,202.0,198.0,193.0,195.0,195.0,America/Cayman,KY,North America,George Town,CAY,CONCACAF,2.0,2.0
Central African Republic,148.0,153.0,,,182.0,186.0,188.0,194.0,177.0,178.0,181.0,178.0,176.0,181.0,179.0,184.0,196.0,200.0,151.0,111.0,90.0,78.0,120.0,143.0,102.0,119.0,114.0,111.0,110.0,121.0,130.0,Africa/Bangui,CF,Africa,Bangui,CTA,CAF,2.0,2.0
Chad,,,,,,184.0,179.0,181.0,165.0,170.0,174.0,163.0,158.0,159.0,146.0,139.0,133.0,131.0,139.0,148.0,123.0,157.0,151.0,154.0,116.0,153.0,171.0,176.0,177.0,179.0,180.0,Africa/Ndjamena,TD,Africa,N'Djamena,CHA,CAF,2.0,2.0
Chile,47.0,52.0,45.0,40.0,28.0,24.0,11.0,22.0,21.0,31.0,53.0,72.0,73.0,72.0,53.0,42.0,39.0,25.0,13.0,14.0,15.0,20.0,13.0,11.0,4.0,6.0,10.0,15.0,17.0,20.0,27.0,America/Santiago,CL,South America,Santiago,CHI,CONMEBOL,1.0,1.0
China,56.0,48.0,50.0,54.0,60.0,59.0,52.0,58.0,69.0,65.0,55.0,71.0,62.0,59.0,81.0,80.0,87.0,101.0,84.0,73.0,74.0,96.0,95.0,82.0,83.0,75.0,72.0,72.0,75.0,74.0,76.0,Asia/Shanghai,CN,Asia,Beijing,CHN,AFC,5.0,5.0
Chinese Taipei,,,,,172.0,153.0,162.0,169.0,165.0,167.0,169.0,159.0,152.0,154.0,155.0,163.0,171.0,167.0,162.0,162.0,171.0,173.0,176.0,181.0,176.0,151.0,127.0,129.0,137.0,149.0,157.0,Asia/Taipei,TW,Asia,Taipei,TPE,AFC,5.0,5.0
Colombia,35.0,19.0,17.0,16.0,10.0,9.0,20.0,25.0,17.0,11.0,14.0,33.0,33.0,25.0,28.0,27.0,26.0,43.0,40.0,42.0,20.0,4.0,4.0,4.0,5.0,8.0,13.0,10.0,11.0,15.0,18.0,America/Bogota,CO,South America,Bogota,COL,CONMEBOL,2.0,2.0
Comoros,,,,,,,,,,,,,,,,184.0,194.0,195.0,176.0,182.0,189.0,192.0,180.0,182.0,157.0,138.0,142.0,142.0,132.0,131.0,129.0,Indian/Comoro,KM,Africa,Moroni,COM,CAF,0.0,0.0
Congo,90.0,103.0,110.0,109.0,114.0,97.0,110.0,98.0,93.0,91.0,97.0,104.0,103.0,113.0,104.0,91.0,87.0,82.0,108.0,128.0,100.0,89.0,76.0,49.0,60.0,85.0,86.0,89.0,90.0,94.0,97.0,Africa/Brazzaville,CG,Africa,Brazzaville,CGO,CAF,2.0,2.0
Congo DR,60.0,70.0,66.0,63.0,64.0,74.0,65.0,57.0,66.0,73.0,72.0,59.0,67.0,75.0,68.0,74.0,79.0,98.0,120.0,125.0,114.0,86.0,79.0,56.0,53.0,37.0,41.0,52.0,57.0,63.0,66.0,Africa/Kinshasa,CD,Africa,Kinshasa,ZAI,CAF,2.0,2.0
Congo DR,60.0,70.0,66.0,63.0,64.0,74.0,65.0,57.0,66.0,73.0,72.0,59.0,67.0,75.0,68.0,74.0,79.0,98.0,120.0,125.0,114.0,86.0,79.0,56.0,53.0,37.0,41.0,52.0,57.0,63.0,66.0,Africa/Kinshasa,CD,Africa,Kinshasa,COD,CAF,2.0,2.0
Cook Islands,,,,,,,172.0,177.0,177.0,174.0,179.0,186.0,190.0,192.0,195.0,198.0,200.0,186.0,186.0,192.0,196.0,202.0,205.0,196.0,175.0,190.0,191.0,190.0,,,190.0,US/Hawaii,CK,Oceania,Avarua,COK,OFC,7.0,7.0
Costa Rica,37.0,38.0,53.0,70.0,81.0,55.0,54.0,67.0,62.0,42.0,26.0,18.0,24.0,22.0,42.0,56.0,70.0,39.0,51.0,58.0,62.0,43.0,24.0,26.0,24.0,21.0,30.0,42.0,47.0,47.0,36.0,America/Costa_Rica,CR,North America,San Jose,CRC,CONCACAF,3.0,3.0
Cote d'lvoire,27.0,32.0,24.0,29.0,28.0,46.0,44.0,45.0,48.0,45.0,50.0,62.0,62.0,43.0,25.0,26.0,26.0,26.0,23.0,18.0,15.0,14.0,23.0,21.0,32.0,51.0,66.0,60.0,60.0,56.0,52.0,Africa/Abidjan,CI,Africa,Yamoussoukro,CIV,CAF,3.0,3.0
Croatia,113.0,118.0,89.0,52.0,27.0,27.0,10.0,5.0,12.0,17.0,26.0,25.0,22.0,21.0,20.0,10.0,9.0,8.0,10.0,9.0,9.0,9.0,17.0,16.0,17.0,16.0,11.0,6.0,7.0,15.0,15.0,Europe/Zagreb,HR,Europe,Zagreb,CRO,UEFA,1.0,1.0
Cuba,144.0,151.0,,101.0,72.0,89.0,89.0,91.0,76.0,78.0,80.0,62.0,75.0,70.0,74.0,69.0,91.0,93.0,113.0,88.0,132.0,82.0,103.0,109.0,134.0,167.0,178.0,177.0,179.0,179.0,178.0,America/Havana,CU,North America,Havana,CUB,CONCACAF,1.0,1.0
Curacao,,,,,,,,,,,,,,,,,,,,156.0,159.0,178.0,170.0,151.0,126.0,77.0,81.0,79.0,79.0,78.0,79.0,America/Curacao,SZ,North America,Willemstad,CUW,CONCACAF,1.0,1.0
Cyprus,72.0,73.0,71.0,70.0,78.0,81.0,78.0,63.0,63.0,70.0,82.0,87.0,100.0,105.0,91.0,72.0,70.0,77.0,70.0,95.0,126.0,128.0,117.0,88.0,92.0,96.0,88.0,92.0,97.0,101.0,105.0,Asia/Nicosia,CY,Asia,Nicosia,CYP,UEFA,0.0,0.0
Czech Republic,,,45.0,25.0,7.0,8.0,5.0,4.0,3.0,8.0,16.0,11.0,6.0,3.0,5.0,9.0,7.0,16.0,30.0,35.0,25.0,26.0,29.0,18.0,32.0,45.0,44.0,44.0,44.0,34.0,32.0,Europe/Prague,CZ,Europe,Prague,CZE,UEFA,1.0,1.0
Czechoslovakia,18.0,18.0,,,,,,,,,,,,,,,,,,,,,,,,,,,,,,Europe/Prague,CS,Europe,Prague,TCH,UEFA,1.0,1.0
Denmark,9.0,6.0,9.0,10.0,8.0,4.0,20.0,15.0,15.0,19.0,15.0,12.0,14.0,15.0,16.0,25.0,33.0,26.0,30.0,20.0,12.0,23.0,25.0,29.0,43.0,38.0,11.0,12.0,14.0,10.0,10.0,Europe/Copenhagen,DK,Europe,Copenhagen,DEN,UEFA,1.0,1.0
Djibouti,,,,,,,190.0,192.0,193.0,191.0,192.0,195.0,198.0,200.0,200.0,174.0,181.0,186.0,189.0,194.0,197.0,203.0,204.0,206.0,,188.0,194.0,190.0,184.0,186.0,193.0,Africa/Djibouti,DJ,Africa,Djibouti City,DJI,CAF,0.0,0.0
Dominica,,,,162.0,143.0,139.0,134.0,144.0,154.0,156.0,165.0,180.0,169.0,167.0,178.0,183.0,189.0,196.0,167.0,141.0,169.0,166.0,169.0,174.0,172.0,176.0,175.0,180.0,184.0,184.0,183.0,America/Dominica,DM,North America,Roseau,DMA,CONCACAF,1.0,1.0
Dominican Republic,141.0,149.0,157.0,157.0,135.0,141.0,145.0,153.0,152.0,159.0,158.0,160.0,170.0,171.0,170.0,141.0,175.0,185.0,180.0,150.0,119.0,92.0,112.0,122.0,141.0,149.0,154.0,155.0,158.0,156.0,155.0,America/Santo_Domingo,DO,North America,Santo Domingo,DOM,CONCACAF,1.0,1.0
East Timor,,,,,,,,,,,,,,,,,197.0,198.0,200.0,201.0,201.0,185.0,189.0,166.0,179.0,194.0,191.0,197.0,196.0,195.0,198.0,Asia/Dili,TL,Asia,Dili,TLS,AFC,6.0,6.0
Ecuador,65.0,42.0,49.0,60.0,38.0,32.0,44.0,57.0,64.0,46.0,33.0,34.0,40.0,35.0,33.0,43.0,50.0,39.0,50.0,56.0,28.0,15.0,24.0,29.0,15.0,36.0,60.0,62.0,61.0,52.0,45.0,America/Guayaquil,EC,South America,Quito,ECU,CONMEBOL,2.0,2.0
Egypt,21.0,27.0,24.0,23.0,26.0,34.0,21.0,35.0,33.0,36.0,41.0,38.0,33.0,29.0,23.0,38.0,25.0,31.0,11.0,31.0,46.0,59.0,39.0,54.0,46.0,25.0,50.0,52.0,50.0,46.0,33.0,Africa/Cairo,EG,Africa,Cairo,EGY,CAF,1.0,1.0
El Salvador,50.0,63.0,70.0,92.0,71.0,71.0,75.0,89.0,89.0,86.0,88.0,88.0,101.0,114.0,143.0,138.0,122.0,93.0,90.0,84.0,66.0,87.0,86.0,92.0,116.0,107.0,78.0,70.0,69.0,67.0,72.0,America/El_Salvador,SV,North America,San Salvador,SLV,CONCACAF,3.0,3.0
England,5.0,9.0,15.0,20.0,17.0,8.0,8.0,11.0,13.0,13.0,8.0,7.0,8.0,8.0,6.0,9.0,11.0,7.0,7.0,5.0,5.0,9.0,14.0,11.0,11.0,13.0,10.0,4.0,4.0,4.0,5.0,Europe/London,GB,Europe,London,ENG,UEFA,2.0,2.0
Equatorial Guinea,,,,,,,191.0,192.0,189.0,189.0,190.0,180.0,164.0,170.0,129.0,92.0,88.0,125.0,150.0,152.0,108.0,89.0,114.0,65.0,85.0,122.0,142.0,141.0,142.0,126.0,99.0,Africa/Malabo,GQ,Africa,Malabo,EQG,CAF,2.0,2.0
Eritrea,,,,,,,189.0,178.0,166.0,165.0,167.0,157.0,160.0,169.0,159.0,131.0,137.0,158.0,162.0,184.0,189.0,196.0,201.0,202.0,,,204.0,204.0,205.0,203.0,203.0,Africa/Asmera,ER,Africa,Asmara,ERI,CAF,0.0,0.0
Estonia,132.0,114.0,114.0,120.0,117.0,100.0,96.0,83.0,75.0,74.0,76.0,64.0,74.0,80.0,88.0,118.0,124.0,112.0,91.0,73.0,59.0,89.0,90.0,86.0,105.0,98.0,93.0,100.0,106.0,110.0,108.0,Europe/Tallinn,EE,Europe,Tallinn,EST,UEFA,0.0,0.0
Eswatini,104.0,96.0,110.0,134.0,154.0,167.0,144.0,140.0,133.0,130.0,125.0,112.0,121.0,129.0,144.0,150.0,,,134.0,,,,,,,,,146.0,153.0,149.0,145.0,Africa/Mbabane,SZ,Africa,Mbabane,,,1.0,1.0
Ethiopia,85.0,92.0,110.0,102.0,104.0,119.0,135.0,138.0,142.0,143.0,135.0,135.0,138.0,127.0,103.0,97.0,100.0,118.0,129.0,131.0,125.0,102.0,107.0,104.0,122.0,127.0,145.0,149.0,146.0,138.0,139.0,Africa/Addis_Ababa,ET,Africa,Addis Ababa,ETH,CAF,0.0,0.0
Faroe Islands,94.0,113.0,125.0,125.0,129.0,124.0,119.0,109.0,115.0,118.0,117.0,119.0,131.0,131.0,158.0,187.0,193.0,158.0,125.0,124.0,136.0,165.0,162.0,92.0,97.0,86.0,94.0,106.0,108.0,115.0,124.0,Atlantic/Faroe,FO,Europe,Torshavn,FRO,UEFA,2.0,2.0
Fiji,106.0,111.0,109.0,128.0,150.0,149.0,144.0,126.0,136.0,127.0,129.0,143.0,140.0,137.0,143.0,147.0,135.0,109.0,134.0,152.0,161.0,180.0,186.0,192.0,183.0,178.0,167.0,164.0,163.0,161.0,163.0,Pacific/Fiji,FJ,Oceania,Suva,FIJ,OFC,9.0,9.0
Finland,44.0,46.0,42.0,40.0,66.0,66.0,58.0,55.0,52.0,54.0,43.0,42.0,43.0,41.0,54.0,42.0,40.0,54.0,62.0,79.0,82.0,73.0,61.0,74.0,68.0,92.0,62.0,57.0,56.0,56.0,57.0,Europe/Helsinki,FI,Europe,Helsinki,FIN,UEFA,0.0,0.0
France,19.0,12.0,16.0,15.0,4.0,8.0,7.0,2.0,2.0,1.0,1.0,2.0,2.0,4.0,4.0,4.0,9.0,9.0,15.0,16.0,15.0,19.0,12.0,16.0,14.0,7.0,4.0,2.0,2.0,2.0,3.0,Europe/Paris,FR,Europe,Paris,FRA,UEFA,1.0,1.0
Gabon,55.0,57.0,67.0,67.0,47.0,61.0,79.0,78.0,83.0,95.0,108.0,119.0,117.0,104.0,98.0,104.0,83.0,47.0,38.0,62.0,48.0,77.0,83.0,62.0,95.0,89.0,88.0,86.0,83.0,87.0,81.0,Africa/Libreville,GA,Africa,Libreville,GAB,CAF,2.0,2.0
Gambia,150.0,145.0,110.0,111.0,118.0,137.0,121.0,144.0,152.0,155.0,150.0,140.0,143.0,158.0,151.0,125.0,92.0,90.0,97.0,109.0,124.0,146.0,149.0,158.0,167.0,167.0,169.0,162.0,158.0,150.0,124.0,Africa/Banjul,GM,Africa,Banjul,GAM,CAF,3.0,3.0
Georgia,,,110.0,87.0,85.0,90.0,51.0,59.0,64.0,67.0,65.0,89.0,102.0,102.0,97.0,88.0,85.0,111.0,103.0,65.0,83.0,90.0,106.0,132.0,123.0,115.0,95.0,92.0,89.0,90.0,85.0,Asia/Tbilisi,GE,Asia,Tbilisi,GEO,UEFA,1.0,1.0
Germany,1.0,2.0,2.0,3.0,2.0,2.0,2.0,4.0,7.0,9.0,7.0,6.0,11.0,16.0,12.0,4.0,3.0,3.0,4.0,3.0,2.0,2.0,1.0,1.0,3.0,2.0,6.0,14.0,14.0,12.0,11.0,Europe/Berlin,DE,Europe,Berlin,GER,UEFA,1.0,1.0
Ghana,39.0,41.0,28.0,26.0,19.0,43.0,57.0,46.0,52.0,58.0,57.0,69.0,78.0,67.0,36.0,33.0,20.0,33.0,24.0,25.0,27.0,22.0,35.0,28.0,41.0,48.0,50.0,49.0,47.0,51.0,60.0,Africa/Accra,GH,Africa,Accra,GHA,CAF,3.0,3.0
Gibraltar,,,,,,,,,,,,,,,,,,,,,,,,,,,194.0,196.0,195.0,197.0,203.0,Europe/Gibraltar,GI,Europe,Westside,GIB,UEFA,1.0,1.0
Greece,31.0,33.0,32.0,28.0,35.0,39.0,53.0,36.0,34.0,52.0,51.0,36.0,24.0,15.0,20.0,14.0,13.0,14.0,11.0,11.0,12.0,12.0,14.0,33.0,42.0,42.0,44.0,52.0,53.0,50.0,55.0,Europe/Athens,GR,Europe,Athens,GRE,UEFA,0.0,0.0
Grenada,121.0,139.0,135.0,141.0,128.0,116.0,111.0,122.0,132.0,136.0,135.0,141.0,144.0,148.0,155.0,161.0,145.0,110.0,122.0,109.0,139.0,130.0,140.0,160.0,157.0,162.0,167.0,166.0,159.0,164.0,169.0,America/Grenada,GD,North America,St. George's,GRN,CONCACAF,1.0,1.0
Guam,,,,,,,,199.0,200.0,199.0,199.0,200.0,203.0,204.0,203.0,,,186.0,190.0,191.0,188.0,176.0,167.0,160.0,168.0,186.0,190.0,194.0,199.0,202.0,206.0,Pacific/Guam,GU,Oceania,Hagatna,GUM,AFC,7.0,7.0
Guatemala,83.0,115.0,135.0,153.0,112.0,92.0,75.0,73.0,67.0,60.0,67.0,67.0,76.0,60.0,70.0,91.0,98.0,114.0,120.0,112.0,84.0,97.0,106.0,90.0,87.0,102.0,139.0,138.0,130.0,125.0,120.0,America/Guatemala,GT,North America,Guatemala City,GUA,CONCACAF,3.0,3.0
Guinea,63.0,62.0,62.0,56.0,78.0,63.0,64.0,81.0,84.0,92.0,112.0,113.0,89.0,86.0,40.0,42.0,40.0,56.0,78.0,64.0,68.0,69.0,52.0,49.0,61.0,68.0,67.0,72.0,73.0,76.0,80.0,Africa/Conakry,GN,Africa,Conakry,GUI,CAF,3.0,3.0
Guinea-Bissau,117.0,131.0,119.0,126.0,122.0,143.0,155.0,167.0,174.0,179.0,176.0,187.0,187.0,190.0,184.0,187.0,174.0,187.0,174.0,150.0,169.0,180.0,152.0,139.0,99.0,87.0,110.0,119.0,118.0,108.0,114.0,Africa/Bissau,GW,Africa,Bissau,GNB,CAF,3.0,3.0
Guyana,128.0,134.0,145.0,155.0,155.0,163.0,160.0,168.0,178.0,178.0,174.0,177.0,181.0,178.0,136.0,100.0,118.0,124.0,115.0,108.0,107.0,129.0,155.0,157.0,137.0,149.0,173.0,173.0,166.0,171.0,174.0,America/Guyana,GY,South America,Georgetown,GUY,CONCACAF,1.0,1.0
Haiti,130.0,140.0,130.0,141.0,125.0,126.0,108.0,109.0,87.0,84.0,82.0,82.0,92.0,90.0,105.0,83.0,106.0,108.0,105.0,97.0,67.0,64.0,87.0,78.0,78.0,60.0,99.0,91.0,85.0,85.0,88.0,America/Guatemala,GT,North America,Port-au-Prince,HAI,CONCACAF,3.0,3.0
Honduras,40.0,39.0,50.0,60.0,49.0,54.0,84.0,73.0,57.0,38.0,32.0,41.0,52.0,46.0,52.0,55.0,46.0,39.0,45.0,48.0,60.0,47.0,47.0,82.0,85.0,69.0,62.0,63.0,62.0,68.0,80.0,America/Tegucigalpa,HN,North America,Tegucigalpa,HON,CONCACAF,3.0,3.0
Hong Kong,119.0,108.0,101.0,106.0,113.0,128.0,136.0,133.0,122.0,130.0,144.0,139.0,141.0,123.0,116.0,120.0,128.0,139.0,139.0,152.0,161.0,149.0,155.0,155.0,141.0,144.0,142.0,141.0,142.0,146.0,147.0,Asia/Hong_Kong,HK,Asia,,HKG,AFC,5.0,5.0
Hungary,36.0,47.0,54.0,58.0,75.0,73.0,61.0,46.0,50.0,55.0,64.0,57.0,72.0,67.0,72.0,58.0,52.0,46.0,51.0,41.0,35.0,35.0,44.0,38.0,20.0,42.0,50.0,49.0,48.0,39.0,40.0,Europe/Budapest,HU,Europe,Budapest,HUN,UEFA,1.0,1.0
Iceland,46.0,48.0,40.0,43.0,54.0,77.0,69.0,50.0,49.0,53.0,54.0,59.0,71.0,93.0,96.0,95.0,90.0,88.0,95.0,113.0,115.0,69.0,44.0,31.0,29.0,21.0,26.0,38.0,41.0,56.0,61.0,Atlantic/Reykjavik,IS,Europe,Reykjavik,ISL,UEFA,3.0,3.0
India,143.0,111.0,105.0,114.0,110.0,115.0,116.0,113.0,113.0,119.0,124.0,127.0,139.0,133.0,130.0,155.0,148.0,144.0,137.0,152.0,163.0,152.0,155.0,160.0,152.0,108.0,98.0,104.0,107.0,105.0,105.0,Asia/Calcutta,IN,Asia,New Delhi,IND,AFC,2.5,2.5
Indonesia,108.0,102.0,120.0,141.0,121.0,106.0,85.0,105.0,97.0,90.0,96.0,86.0,94.0,95.0,128.0,137.0,133.0,134.0,135.0,133.0,155.0,165.0,155.0,163.0,182.0,169.0,161.0,165.0,173.0,170.0,159.0,Asia/Jakarta,ID,Asia,Jakarta,IDN,AFC,4.0,4.0
Iran,61.0,57.0,62.0,88.0,88.0,61.0,40.0,47.0,42.0,39.0,32.0,37.0,21.0,18.0,32.0,40.0,44.0,54.0,62.0,48.0,50.0,52.0,44.0,41.0,37.0,29.0,32.0,25.0,31.0,25.0,21.0,Asia/Tehran,IR,Asia,Tehran,IRN,AFC,1.5,1.5
Iraq,82.0,62.0,72.0,97.0,123.0,78.0,88.0,97.0,83.0,75.0,62.0,56.0,43.0,55.0,72.0,75.0,70.0,88.0,93.0,93.0,79.0,99.0,99.0,89.0,105.0,104.0,87.0,75.0,69.0,71.0,73.0,Asia/Baghdad,IQ,Asia,Baghdad,IRQ,AFC,0.0,0.0
Israel,64.0,64.0,51.0,43.0,48.0,52.0,43.0,29.0,32.0,44.0,50.0,44.0,55.0,47.0,44.0,34.0,20.0,22.0,36.0,39.0,65.0,65.0,60.0,45.0,72.0,71.0,93.0,87.0,90.0,81.0,76.0,Asia/Jerusalem,IL,Asia,Jerusalem,ISR,UEFA,0.0,0.0
Italy,2.0,2.0,6.0,3.0,5.0,9.0,10.0,6.0,9.0,4.0,8.0,11.0,9.0,11.0,7.0,2.0,2.0,4.0,9.0,8.0,8.0,6.0,10.0,13.0,13.0,13.0,17.0,15.0,12.0,6.0,6.0,Europe/Rome,IT,Europe,Rome,ITA,UEFA,1.0,1.0
Jamaica,67.0,78.0,81.0,80.0,44.0,37.0,31.0,41.0,48.0,48.0,56.0,47.0,50.0,42.0,56.0,80.0,97.0,70.0,77.0,50.0,55.0,66.0,84.0,66.0,62.0,68.0,52.0,50.0,47.0,52.0,63.0,America/Jamaica,JM,North America,Kingston,JAM,CONCACAF,2.0,2.0
Japan,66.0,43.0,41.0,34.0,24.0,17.0,17.0,44.0,49.0,35.0,29.0,24.0,22.0,16.0,33.0,38.0,35.0,37.0,36.0,16.0,24.0,35.0,48.0,53.0,53.0,47.0,53.0,28.0,27.0,26.0,23.0,Asia/Tokyo,JP,Asia,Tokyo,JPN,AFC,6.0,6.0
Jordan,110.0,87.0,98.0,126.0,146.0,129.0,123.0,125.0,105.0,101.0,93.0,71.0,42.0,59.0,91.0,96.0,111.0,124.0,100.0,87.0,83.0,77.0,68.0,95.0,87.0,109.0,112.0,97.0,96.0,93.0,90.0,Asia/Amman,JO,Asia,Amman,JOR,AFC,0.0,0.0
Kazakhstan,,,153.0,158.0,160.0,130.0,110.0,115.0,120.0,110.0,104.0,126.0,140.0,145.0,135.0,123.0,121.0,131.0,129.0,133.0,141.0,140.0,128.0,137.0,107.0,111.0,122.0,116.0,119.0,122.0,122.0,Asia/Almaty,KZ,Asia,Astana,KAZ,UEFA,3.0,3.0
Kenya,76.0,75.0,82.0,93.0,102.0,98.0,90.0,99.0,106.0,104.0,97.0,76.0,78.0,82.0,110.0,120.0,100.0,101.0,114.0,128.0,122.0,121.0,108.0,117.0,99.0,88.0,108.0,106.0,105.0,102.0,103.0,Africa/Nairobi,KE,Africa,Nairobi,KEN,CAF,0.0,0.0
Kosovo,,,,,,,,,,,,,,,,,,,,,,,,,173.0,173.0,149.0,120.0,115.0,114.0,108.0,Europe/Belgrade,RS,Europe,Pristina,KVX,UEFA,1.0,1.0
Kuwait,71.0,62.0,63.0,69.0,76.0,54.0,41.0,55.0,71.0,72.0,78.0,77.0,57.0,59.0,78.0,97.0,119.0,114.0,94.0,99.0,97.0,110.0,113.0,127.0,147.0,174.0,163.0,154.0,147.0,144.0,144.0,Asia/Kuwait,KW,Asia,Kuwait City,KUW,AFC,0.0,0.0
Kyrgyzstan,,,165.0,168.0,164.0,150.0,146.0,155.0,167.0,164.0,166.0,170.0,155.0,152.0,140.0,144.0,138.0,153.0,164.0,176.0,195.0,157.0,148.0,148.0,107.0,124.0,94.0,95.0,95.0,97.0,95.0,Asia/Bishkek,KG,Asia,Bishkek,KGZ,AFC,3.0,3.0
Laos,,142.0,153.0,161.0,149.0,148.0,141.0,153.0,159.0,166.0,164.0,164.0,169.0,164.0,172.0,165.0,183.0,171.0,174.0,174.0,179.0,167.0,165.0,173.0,175.0,172.0,181.0,186.0,188.0,185.0,186.0,Asia/Vientiane,LA,Asia,Vientiane,LAO,AFC,4.0,4.0
Latvia,99.0,87.0,80.0,66.0,69.0,76.0,80.0,63.0,77.0,96.0,97.0,73.0,57.0,65.0,78.0,97.0,69.0,58.0,56.0,76.0,84.0,113.0,105.0,92.0,106.0,125.0,131.0,136.0,137.0,135.0,135.0,Europe/Riga,LV,Europe,Riga,LVA,UEFA,0.0,0.0
Lebanon,,109.0,119.0,136.0,97.0,89.0,99.0,107.0,111.0,102.0,100.0,115.0,110.0,114.0,120.0,132.0,145.0,150.0,152.0,156.0,124.0,126.0,120.0,135.0,148.0,124.0,81.0,88.0,90.0,94.0,96.0,Asia/Beirut,LB,Asia,Beirut,LBN,AFC,0.0,0.0
Lesotho,142.0,137.0,141.0,140.0,156.0,155.0,136.0,149.0,145.0,128.0,134.0,124.0,129.0,144.0,146.0,152.0,157.0,159.0,156.0,168.0,161.0,153.0,129.0,130.0,149.0,143.0,146.0,141.0,139.0,144.0,145.0,Africa/Maseru,LS,Africa,Maseru,LES,CAF,1.0,1.0
Liberia,84.0,113.0,130.0,97.0,89.0,93.0,102.0,98.0,103.0,74.0,79.0,99.0,113.0,128.0,131.0,125.0,142.0,145.0,156.0,138.0,116.0,107.0,113.0,127.0,103.0,129.0,148.0,152.0,152.0,148.0,147.0,Africa/Monrovia,LR,Africa,Monrovia,LBR,CAF,3.0,3.0
Libya,137.0,147.0,158.0,169.0,175.0,167.0,147.0,150.0,123.0,114.0,112.0,91.0,73.0,72.0,86.0,94.0,86.0,88.0,97.0,64.0,48.0,63.0,67.0,102.0,95.0,87.0,100.0,103.0,103.0,115.0,117.0,Africa/Tripoli,LY,Africa,Tripoli,LBY,CAF,1.0,1.0
Liechtenstein,,,154.0,153.0,157.0,158.0,161.0,131.0,136.0,148.0,149.0,147.0,148.0,135.0,136.0,137.0,130.0,151.0,149.0,133.0,142.0,152.0,153.0,141.0,176.0,187.0,180.0,181.0,180.0,187.0,191.0,Europe/Vaduz,LI,Europe,Vaduz,LIE,UEFA,1.0,1.0
Lithuania,93.0,84.0,75.0,51.0,52.0,47.0,52.0,49.0,62.0,92.0,98.0,98.0,108.0,97.0,81.0,77.0,52.0,57.0,52.0,64.0,98.0,108.0,101.0,105.0,122.0,115.0,133.0,131.0,130.0,134.0,137.0,Europe/Vilnius,LT,Europe,Vilnius,LTU,UEFA,0.0,0.0
Luxembourg,103.0,109.0,118.0,109.0,111.0,133.0,143.0,125.0,133.0,142.0,146.0,152.0,155.0,154.0,173.0,170.0,145.0,123.0,126.0,125.0,125.0,139.0,119.0,138.0,140.0,122.0,83.0,92.0,97.0,95.0,93.0,Europe/Luxembourg,LU,Europe,Luxembourg City,LUX,UEFA,1.0,1.0
Macau,,,,,167.0,163.0,165.0,171.0,176.0,180.0,182.0,185.0,187.0,190.0,187.0,188.0,194.0,193.0,192.0,189.0,198.0,200.0,195.0,187.0,193.0,183.0,185.0,182.0,182.0,182.0,182.0,Asia/Macau,MO,Asia,,MAC,AFC,5.0,5.0
Macedonia,,,112.0,93.0,88.0,82.0,75.0,64.0,76.0,78.0,89.0,89.0,91.0,93.0,72.0,59.0,55.0,60.0,67.0,90.0,97.0,82.0,87.0,111.0,144.0,125.0,72.0,69.0,66.0,67.0,64.0,Europe/Skopje,MK,Europe,Skopje,MKD,UEFA,1.0,1.0
Madagascar,74.0,85.0,105.0,116.0,139.0,155.0,159.0,134.0,127.0,119.0,114.0,108.0,129.0,149.0,161.0,168.0,141.0,138.0,153.0,151.0,166.0,184.0,163.0,132.0,130.0,111.0,107.0,98.0,92.0,99.0,102.0,Indian/Antananarivo,MG,Africa,Antananarivo,MAD,CAF,0.0,0.0
Malawi,53.0,68.0,79.0,77.0,97.0,89.0,92.0,105.0,112.0,118.0,110.0,101.0,105.0,108.0,99.0,114.0,121.0,104.0,80.0,81.0,98.0,114.0,110.0,97.0,108.0,111.0,124.0,125.0,123.0,120.0,119.0,Africa/Blantyre,MW,Africa,Lilongwe,MWI,CAF,1.0,1.0
Malaysia,91.0,77.0,88.0,103.0,98.0,87.0,100.0,115.0,110.0,108.0,116.0,111.0,117.0,114.0,139.0,156.0,163.0,157.0,146.0,145.0,155.0,159.0,150.0,164.0,166.0,164.0,171.0,159.0,153.0,153.0,154.0,Asia/Kuala_Lumpur,MY,Asia,Kuala Lumpur,MAS,AFC,5.0,5.0
Maldives,,148.0,153.0,163.0,169.0,173.0,165.0,160.0,150.0,150.0,149.0,148.0,140.0,141.0,137.0,158.0,155.0,152.0,144.0,159.0,164.0,156.0,148.0,157.0,162.0,149.0,150.0,152.0,155.0,156.0,156.0,Indian/Maldives,MV,Asia,Male,MDV,AFC,2.0,2.0
Mali,69.0,72.0,51.0,51.0,67.0,74.0,62.0,75.0,84.0,107.0,86.0,68.0,46.0,57.0,56.0,42.0,47.0,50.0,58.0,73.0,38.0,31.0,55.0,57.0,62.0,66.0,66.0,59.0,56.0,56.0,50.0,Africa/Bamako,ML,Africa,Bamako,MLI,CAF,3.0,3.0
Malta,73.0,83.0,74.0,86.0,107.0,125.0,125.0,121.0,117.0,127.0,121.0,128.0,130.0,132.0,121.0,121.0,137.0,148.0,156.0,160.0,148.0,144.0,140.0,153.0,170.0,184.0,183.0,181.0,181.0,174.0,171.0,Europe/Malta,MT,Europe,Valletta,MLT,UEFA,1.0,1.0
Mauritania,134.0,143.0,143.0,104.0,97.0,127.0,129.0,152.0,159.0,169.0,178.0,176.0,171.0,176.0,158.0,128.0,134.0,159.0,169.0,187.0,203.0,165.0,142.0,119.0,108.0,97.0,103.0,102.0,100.0,101.0,114.0,Africa/Nouakchott,MR,Africa,Nouakchott,MTN,CAF,3.0,3.0
Mauritius,112.0,127.0,140.0,143.0,152.0,148.0,153.0,125.0,120.0,121.0,126.0,128.0,124.0,143.0,139.0,148.0,168.0,176.0,182.0,190.0,196.0,183.0,183.0,181.0,153.0,154.0,157.0,163.0,172.0,171.0,177.0,Indian/Mauritius,MU,Africa,Port Louis,MRI,CAF,1.0,1.0
Mexico,25.0,16.0,15.0,10.0,12.0,10.0,8.0,11.0,10.0,11.0,7.0,7.0,6.0,6.0,12.0,17.0,20.0,23.0,22.0,22.0,19.0,18.0,19.0,24.0,17.0,16.0,15.0,13.0,10.0,10.0,10.0,America/Mexico_City,MX,North America,Mexico City,MEX,CONCACAF,2.0,2.0
Moldova,,,135.0,114.0,113.0,124.0,128.0,99.0,93.0,100.0,105.0,108.0,108.0,112.0,92.0,83.0,55.0,93.0,87.0,99.0,138.0,122.0,106.0,128.0,160.0,161.0,171.0,172.0,175.0,178.0,180.0,Europe/Chisinau,MD,Europe,Chisinau,MDA,UEFA,0.0,0.0
Mongolia,,,,,,,,197.0,197.0,188.0,188.0,185.0,183.0,181.0,180.0,181.0,187.0,179.0,178.0,172.0,178.0,182.0,188.0,200.0,201.0,196.0,188.0,187.0,190.0,186.0,185.0,Asia/Ulaanbaatar,MN,Asia,Ulaanbaatar,MNG,AFC,5.0,5.0
Montenegro,,,,,,,,,,,,,,,,175.0,150.0,98.0,54.0,28.0,46.0,34.0,52.0,73.0,84.0,54.0,43.0,56.0,63.0,68.0,71.0,Europe/Podgorica,ME,Europe,Podgorica,MNE,UEFA,1.0,1.0
Montserrat,,,,,,,,201.0,201.0,202.0,203.0,203.0,204.0,202.0,202.0,,,,,,179.0,181.0,175.0,177.0,193.0,199.0,201.0,191.0,183.0,179.0,178.0,America/Montserrat,MS,North America,Plymouth,MSR,CONCACAF,1.0,1.0
Morocco,41.0,31.0,29.0,34.0,29.0,18.0,13.0,20.0,25.0,30.0,37.0,36.0,33.0,34.0,38.0,40.0,42.0,53.0,76.0,65.0,67.0,75.0,79.0,84.0,63.0,51.0,42.0,42.0,40.0,31.0,24.0,Africa/Casablanca,MA,Africa,Rabat,MAR,CAF,2.0,2.0
Mozambique,107.0,103.0,106.0,81.0,77.0,74.0,75.0,92.0,106.0,119.0,127.0,129.0,126.0,129.0,129.0,100.0,90.0,84.0,87.0,101.0,107.0,110.0,110.0,96.0,100.0,106.0,111.0,112.0,105.0,115.0,118.0,Africa/Maputo,MZ,Africa,Maputo,MOZ,CAF,1.0,1.0
Myanmar,,108.0,117.0,127.0,102.0,114.0,111.0,123.0,125.0,137.0,154.0,141.0,145.0,145.0,150.0,151.0,159.0,150.0,142.0,163.0,174.0,154.0,151.0,155.0,159.0,158.0,139.0,139.0,135.0,143.0,152.0,Asia/Rangoon,MM,Asia,Naypyidaw,MYA,AFC,3.5,3.5
Namibia,,,137.0,118.0,111.0,88.0,74.0,82.0,84.0,92.0,109.0,133.0,148.0,159.0,144.0,118.0,121.0,114.0,120.0,135.0,120.0,125.0,116.0,114.0,123.0,114.0,112.0,116.0,117.0,111.0,111.0,Africa/Windhoek,,Africa,Windhoek,NAM,CAF,1.0,1.0
Nepal,149.0,124.0,130.0,142.0,146.0,150.0,167.0,162.0,162.0,160.0,158.0,163.0,172.0,177.0,170.0,181.0,180.0,171.0,159.0,150.0,157.0,169.0,170.0,184.0,185.0,171.0,162.0,165.0,170.0,169.0,167.0,Asia/Katmandu,NP,Asia,Kathmandu,NEP,AFC,2.75,2.75
Netherlands,7.0,8.0,6.0,10.0,8.0,9.0,12.0,12.0,14.0,8.0,9.0,5.0,5.0,4.0,4.0,7.0,6.0,2.0,2.0,1.0,5.0,7.0,8.0,8.0,19.0,26.0,17.0,14.0,14.0,12.0,10.0,Europe/Amsterdam,NL,Europe,Amsterdam,NED,UEFA,1.0,1.0
Netherlands Antilles,,,,,,,,,,,,,,,,179.0,154.0,155.0,160.0,150.0,,,,,,,,,,,,America/Puerto_Rico,AN,North America,Willemstad,ANT,CONCACAF,1.0,1.0
New Caledonia,,,,,,,,,,,,,186.0,185.0,180.0,156.0,117.0,136.0,150.0,157.0,141.0,106.0,136.0,167.0,174.0,157.0,154.0,154.0,156.0,155.0,156.0,Pacific/Noumea,NC,Oceania,Noumea,NCL,OFC,8.0,8.0
New Zealand,70.0,78.0,88.0,101.0,124.0,119.0,116.0,102.0,98.0,87.0,69.0,62.0,89.0,106.0,124.0,131.0,87.0,85.0,65.0,85.0,106.0,78.0,108.0,141.0,127.0,114.0,122.0,120.0,120.0,116.0,106.0,Pacific/Auckland,NZ,Oceania,Wellington,NZL,OFC,9.0,9.0
Nicaragua,,151.0,160.0,170.0,174.0,181.0,184.0,188.0,190.0,189.0,189.0,174.0,164.0,155.0,160.0,158.0,180.0,141.0,159.0,162.0,142.0,155.0,170.0,142.0,106.0,108.0,126.0,138.0,150.0,144.0,144.0,America/Managua,NI,North America,Managua,NCA,CONCACAF,3.0,3.0
Niger,81.0,80.0,76.0,82.0,114.0,143.0,149.0,151.0,172.0,186.0,190.0,173.0,169.0,174.0,166.0,148.0,158.0,146.0,141.0,97.0,116.0,102.0,108.0,110.0,120.0,120.0,107.0,107.0,112.0,115.0,115.0,Africa/Niamey,NE,Africa,Niamey,NIG,CAF,2.0,2.0
Nigeria,13.0,17.0,11.0,23.0,49.0,63.0,67.0,69.0,54.0,44.0,30.0,30.0,20.0,25.0,12.0,25.0,30.0,27.0,26.0,40.0,57.0,34.0,41.0,49.0,62.0,42.0,47.0,37.0,31.0,34.0,31.0,Africa/Lagos,NG,Africa,Abuja,NGA,CAF,2.0,2.0
North Korea,77.0,60.0,73.0,99.0,134.0,156.0,171.0,161.0,150.0,142.0,128.0,119.0,113.0,89.0,95.0,130.0,114.0,98.0,103.0,114.0,92.0,111.0,141.0,136.0,110.0,119.0,111.0,117.0,115.0,110.0,108.0,Asia/Pyongyang,KP,Asia,Pyongyang,PRK,AFC,6.0,6.0
Northern Ireland,43.0,40.0,40.0,50.0,61.0,72.0,91.0,71.0,91.0,97.0,93.0,111.0,113.0,109.0,76.0,35.0,35.0,35.0,48.0,63.0,100.0,102.0,76.0,40.0,29.0,26.0,28.0,33.0,39.0,50.0,54.0,Europe/London,GB,Europe,Belfast,NIR,UEFA,2.0,2.0
Norway,14.0,4.0,6.0,5.0,18.0,14.0,11.0,10.0,9.0,19.0,31.0,27.0,37.0,36.0,44.0,37.0,34.0,45.0,20.0,15.0,25.0,34.0,60.0,62.0,60.0,77.0,52.0,46.0,43.0,41.0,43.0,Europe/Oslo,NO,Europe,Oslo,NOR,UEFA,1.0,1.0
Oman,116.0,99.0,76.0,84.0,91.0,87.0,89.0,88.0,101.0,96.0,91.0,97.0,58.0,67.0,80.0,77.0,88.0,81.0,92.0,103.0,93.0,98.0,80.0,97.0,107.0,114.0,88.0,85.0,82.0,79.0,77.0,Asia/Muscat,OM,Asia,Muscat,OMA,AFC,1.0,1.0
Pakistan,145.0,145.0,148.0,156.0,167.0,167.0,159.0,178.0,184.0,186.0,180.0,163.0,174.0,172.0,157.0,174.0,165.0,166.0,162.0,171.0,180.0,170.0,169.0,175.0,191.0,199.0,200.0,201.0,200.0,198.0,197.0,Asia/Karachi,PK,Asia,Islamabad,PAK,AFC,2.0,2.0
Palestine,,,,,,,184.0,183.0,170.0,151.0,148.0,144.0,130.0,131.0,126.0,144.0,172.0,175.0,173.0,167.0,154.0,148.0,123.0,128.0,121.0,106.0,91.0,101.0,102.0,101.0,100.0,Asia/Jerusalem,PS,Asia,Jerusalem,PLE,AFC,0.0,0.0
Panama,120.0,127.0,134.0,141.0,116.0,109.0,125.0,139.0,122.0,116.0,116.0,123.0,113.0,88.0,78.0,64.0,76.0,66.0,75.0,59.0,49.0,40.0,43.0,59.0,58.0,55.0,61.0,77.0,79.0,71.0,62.0,America/Panama,PA,North America,Panama City,PAN,CONCACAF,2.0,2.0
Papua New Guinea,,,,,171.0,166.0,169.0,176.0,187.0,194.0,180.0,168.0,167.0,163.0,172.0,179.0,186.0,,,189.0,191.0,194.0,197.0,202.0,182.0,162.0,166.0,167.0,165.0,164.0,163.0,Pacific/Port_Moresby,PG,Oceania,Port Moresby,PNG,OFC,7.0,7.0
Paraguay,68.0,60.0,69.0,78.0,53.0,26.0,26.0,19.0,16.0,10.0,16.0,20.0,24.0,30.0,29.0,30.0,23.0,20.0,23.0,25.0,28.0,44.0,58.0,67.0,40.0,37.0,31.0,38.0,38.0,37.0,50.0,America/Asuncion,PY,South America,Asuncion,PAR,CONMEBOL,1.0,1.0
Peru,78.0,71.0,70.0,69.0,65.0,38.0,49.0,53.0,41.0,47.0,54.0,76.0,72.0,68.0,62.0,62.0,66.0,80.0,54.0,44.0,38.0,34.0,47.0,54.0,35.0,14.0,15.0,20.0,22.0,23.0,22.0,America/Lima,PE,South America,Lima,PER,CONMEBOL,2.0,2.0
Philippines,,,,166.0,167.0,171.0,171.0,178.0,178.0,178.0,177.0,184.0,190.0,187.0,189.0,173.0,174.0,161.0,162.0,157.0,150.0,141.0,131.0,132.0,125.0,123.0,116.0,125.0,124.0,126.0,131.0,Asia/Manila,PH,Asia,Manila,PHI,AFC,5.0,5.0
Poland,20.0,23.0,29.0,31.0,47.0,51.0,44.0,28.0,37.0,29.0,35.0,30.0,27.0,23.0,27.0,20.0,28.0,41.0,62.0,68.0,61.0,66.0,62.0,35.0,22.0,9.0,13.0,20.0,18.0,23.0,27.0,Europe/Warsaw,PL,Europe,Warsaw,POL,UEFA,1.0,1.0
Portugal,33.0,20.0,21.0,15.0,15.0,22.0,39.0,14.0,10.0,5.0,7.0,14.0,14.0,9.0,8.0,7.0,9.0,11.0,6.0,7.0,5.0,7.0,6.0,6.0,7.0,5.0,4.0,6.0,6.0,6.0,8.0,Europe/Lisbon,PT,Europe,Lisbon,POR,UEFA,2.0,2.0
Puerto Rico,122.0,104.0,106.0,124.0,142.0,160.0,175.0,181.0,191.0,195.0,197.0,199.0,200.0,194.0,193.0,194.0,153.0,156.0,158.0,131.0,131.0,137.0,155.0,161.0,148.0,150.0,170.0,179.0,178.0,174.0,172.0,America/Puerto_Rico,PR,America,San Juan,PUR,CONCACAF,1.0,1.0
Qatar,52.0,52.0,62.0,70.0,77.0,78.0,70.0,81.0,96.0,87.0,72.0,72.0,59.0,73.0,71.0,81.0,83.0,89.0,100.0,93.0,94.0,104.0,95.0,96.0,83.0,88.0,97.0,57.0,56.0,50.0,51.0,Asia/Qatar,QA,Asia,Doha,QAT,AFC,0.0,0.0
Republic of Ireland,6.0,9.0,12.0,15.0,35.0,44.0,50.0,38.0,36.0,25.0,15.0,14.0,14.0,16.0,37.0,38.0,38.0,34.0,37.0,30.0,25.0,48.0,65.0,55.0,29.0,27.0,30.0,32.0,36.0,47.0,48.0,Europe/Dublin,IE,Europe,Dublin,IRL,UEFA,2.0,2.0
Romania,11.0,16.0,10.0,11.0,16.0,7.0,14.0,9.0,10.0,13.0,20.0,23.0,29.0,29.0,24.0,13.0,14.0,27.0,40.0,52.0,48.0,32.0,26.0,12.0,25.0,42.0,30.0,29.0,37.0,42.0,47.0,Europe/Bucharest,RO,Europe,Bucharest,ROU,UEFA,0.0,0.0
Russia,8.0,10.0,15.0,11.0,5.0,9.0,27.0,26.0,22.0,20.0,24.0,27.0,28.0,31.0,32.0,22.0,16.0,9.0,13.0,14.0,11.0,14.0,23.0,28.0,35.0,62.0,55.0,42.0,37.0,36.0,35.0,Europe/Moscow,RU,Europe,Moscow,RUS,UEFA,0.0,0.0
Rwanda,,,,168.0,166.0,167.0,169.0,166.0,143.0,136.0,131.0,115.0,99.0,100.0,102.0,117.0,97.0,99.0,113.0,127.0,116.0,132.0,110.0,81.0,98.0,113.0,128.0,132.0,131.0,131.0,136.0,Africa/Kigali,RW,Africa,Kigali,RWA,CAF,1.0,1.0
Samoa,,,,,177.0,180.0,177.0,174.0,177.0,173.0,164.0,169.0,178.0,178.0,185.0,175.0,160.0,178.0,180.0,182.0,160.0,180.0,186.0,187.0,177.0,191.0,195.0,195.0,194.0,193.0,193.0,Pacific/Apia,WS,Oceania,Apia,SAM,OFC,10.0,10.0
San Marino,126.0,120.0,130.0,138.0,158.0,167.0,177.0,147.0,161.0,162.0,159.0,160.0,165.0,160.0,177.0,195.0,198.0,,,,,,179.0,190.0,200.0,203.0,205.0,210.0,209.0,209.0,210.0,Europe/San_Marino,SM,Europe,San Marino,SMR,UEFA,1.0,1.0
Sao Tome e Principe,,,,,,,193.0,193.0,183.0,183.0,187.0,192.0,193.0,195.0,197.0,,,,,194.0,134.0,156.0,169.0,180.0,154.0,171.0,184.0,184.0,182.0,189.0,186.0,Africa/Sao_Tome,ST,Africa,Sao Tome,STP,CAF,3.0,3.0
Saudi Arabia,48.0,42.0,31.0,34.0,38.0,33.0,32.0,38.0,45.0,30.0,35.0,39.0,26.0,30.0,53.0,59.0,51.0,59.0,67.0,89.0,99.0,105.0,84.0,92.0,59.0,56.0,68.0,69.0,66.0,57.0,51.0,Asia/Riyadh,SA,Asia,Riyadh,KSA,AFC,0.0,0.0
Scotland,23.0,27.0,29.0,26.0,30.0,27.0,38.0,25.0,22.0,35.0,55.0,58.0,63.0,78.0,44.0,18.0,19.0,31.0,46.0,55.0,52.0,57.0,31.0,35.0,50.0,52.0,36.0,47.0,48.0,43.0,39.0,Europe/London,GB,Europe,Edinburgh,SCO,UEFA,2.0,2.0
Senegal,51.0,58.0,55.0,48.0,57.0,71.0,81.0,85.0,81.0,75.0,38.0,29.0,30.0,33.0,33.0,40.0,45.0,74.0,80.0,50.0,66.0,76.0,55.0,37.0,40.0,29.0,25.0,21.0,20.0,20.0,19.0,Africa/Dakar,SN,Africa,Dakar,SEN,CAF,3.0,3.0
Serbia,,,,,,,,,,,,,,47.0,33.0,26.0,32.0,22.0,17.0,23.0,33.0,36.0,33.0,49.0,49.0,43.0,33.0,31.0,29.0,26.0,25.0,Europe/Belgrade,RS,Europe,Belgrade,SRB,UEFA,1.0,1.0
Serbia and Montenegro,,,,,,,,,,,19.0,27.0,46.0,46.0,44.0,,,,,,,,,,,,,,,,,Europe/Belgrade,RS,Europe,Belgrade,SCG,UEFA,1.0,1.0
Seychelles,147.0,152.0,,171.0,175.0,178.0,179.0,185.0,190.0,190.0,190.0,177.0,168.0,173.0,153.0,147.0,164.0,175.0,182.0,188.0,189.0,195.0,176.0,185.0,185.0,190.0,190.0,195.0,202.0,199.0,196.0,Indian/Mahe,SC,Africa,Victoria,SEY,CAF,1.0,1.0
Sierra Leone,79.0,81.0,69.0,64.0,60.0,83.0,95.0,112.0,126.0,134.0,140.0,136.0,151.0,161.0,155.0,156.0,146.0,118.0,131.0,94.0,62.0,70.0,71.0,99.0,104.0,97.0,107.0,116.0,117.0,110.0,107.0,Africa/Freetown,SL,Africa,Freetown,SLE,CAF,3.0,3.0
Singapore,89.0,74.0,84.0,108.0,94.0,104.0,91.0,99.0,101.0,106.0,115.0,100.0,113.0,99.0,102.0,129.0,129.0,126.0,126.0,140.0,156.0,158.0,152.0,155.0,154.0,165.0,168.0,159.0,157.0,159.0,159.0,Asia/Singapore,SG,Asia,Singapore,SIN,AFC,5.0,5.0
Slovakia,,148.0,47.0,38.0,36.0,24.0,33.0,22.0,25.0,33.0,48.0,53.0,57.0,47.0,41.0,41.0,59.0,42.0,27.0,29.0,40.0,56.0,41.0,19.0,26.0,23.0,27.0,30.0,33.0,38.0,45.0,Europe/Bratislava,SK,Europe,Bratislava,SVK,UEFA,1.0,1.0
Slovenia,131.0,130.0,91.0,78.0,63.0,90.0,89.0,63.0,40.0,34.0,30.0,32.0,39.0,50.0,70.0,80.0,74.0,53.0,21.0,21.0,32.0,44.0,35.0,49.0,58.0,58.0,61.0,63.0,63.0,64.0,64.0,Europe/Ljubljana,SI,Europe,Ljubljana,SVN,UEFA,1.0,1.0
Solomon Islands,136.0,144.0,155.0,165.0,172.0,137.0,134.0,138.0,138.0,134.0,139.0,150.0,139.0,134.0,150.0,148.0,136.0,165.0,172.0,179.0,168.0,161.0,176.0,190.0,189.0,168.0,147.0,141.0,140.0,141.0,139.0,Pacific/Guadalcanal,SB,Oceania,Honiara,SOL,OFC,8.0,8.0
Somalia,,,159.0,160.0,171.0,184.0,187.0,195.0,195.0,196.0,193.0,191.0,192.0,188.0,183.0,193.0,197.0,170.0,176.0,188.0,190.0,201.0,203.0,204.0,,,205.0,200.0,196.0,195.0,198.0,Africa/Mogadishu,SO,Africa,Mogadishu,SOM,CAF,0.0,0.0
South Africa,124.0,98.0,76.0,58.0,20.0,25.0,26.0,27.0,22.0,25.0,33.0,32.0,39.0,41.0,61.0,66.0,73.0,76.0,69.0,47.0,69.0,63.0,61.0,65.0,66.0,68.0,73.0,71.0,71.0,71.0,68.0,Africa/Johannesburg,ZA,Africa,Pretoria,RSA,CAF,1.0,1.0
South Korea,49.0,37.0,37.0,39.0,49.0,33.0,20.0,38.0,42.0,41.0,30.0,23.0,21.0,23.0,41.0,48.0,48.0,47.0,45.0,30.0,30.0,47.0,60.0,55.0,48.0,48.0,56.0,38.0,39.0,36.0,29.0,Asia/seoul,KR,Asia,Seoul,KOR,AFC,6.0,6.0
South Sudan,,,,,,,,,,,,,,,,,,,,,198.0,200.0,192.0,179.0,155.0,154.0,157.0,167.0,166.0,166.0,164.0,Africa/Juba,SS,Africa,Juba,SSD,CAF,1.0,1.0
Spain,15.0,9.0,5.0,3.0,7.0,4.0,16.0,6.0,4.0,6.0,5.0,2.0,3.0,6.0,7.0,7.0,2.0,1.0,1.0,1.0,1.0,1.0,4.0,9.0,7.0,9.0,7.0,8.0,7.0,6.0,7.0,Europe/Madrid,ES,Europe,Madrid,ESP,UEFA,1.0,1.0
Sri Lanka,,126.0,130.0,136.0,134.0,133.0,132.0,143.0,154.0,149.0,142.0,139.0,138.0,141.0,144.0,159.0,164.0,160.0,154.0,172.0,182.0,173.0,173.0,183.0,191.0,197.0,200.0,202.0,206.0,204.0,204.0,Asia/Colombo,LK,Asia,Sri Jayewardenepura Kotte,SRI,AFC,2.5,2.5
St. Kitts and Nevis,,,,145.0,126.0,128.0,129.0,136.0,141.0,136.0,125.0,121.0,119.0,122.0,133.0,145.0,155.0,153.0,143.0,118.0,113.0,137.0,142.0,115.0,92.0,100.0,126.0,135.0,139.0,137.0,140.0,America/St_Kitts,KN,North America,Basseterre,SKN,CONCACAF,1.0,1.0
St. Lucia,118.0,136.0,147.0,123.0,129.0,139.0,137.0,145.0,129.0,131.0,128.0,117.0,125.0,119.0,129.0,163.0,170.0,185.0,187.0,183.0,179.0,145.0,139.0,135.0,157.0,176.0,171.0,173.0,175.0,176.0,176.0,America/St_Lucia,LC,North America,Castries,LCA,CONCACAF,1.0,1.0
St. Vincent and the Grenadines,105.0,124.0,136.0,113.0,88.0,113.0,128.0,136.0,129.0,127.0,133.0,154.0,156.0,131.0,118.0,97.0,139.0,150.0,155.0,151.0,141.0,130.0,128.0,119.0,154.0,174.0,175.0,173.0,167.0,171.0,174.0,America/St_Vincent,VC,North America,Kingstown,VIN,CONCACAF,1.0,1.0
Sudan,111.0,119.0,122.0,94.0,87.0,94.0,114.0,119.0,131.0,122.0,115.0,109.0,108.0,99.0,106.0,110.0,104.0,87.0,110.0,104.0,106.0,127.0,117.0,105.0,135.0,145.0,126.0,128.0,127.0,124.0,132.0,Africa/Khartoum,SD,Africa,Khartoum,SDN,CAF,1.0,1.0
Suriname,95.0,115.0,101.0,116.0,129.0,142.0,151.0,159.0,162.0,150.0,143.0,148.0,151.0,151.0,145.0,127.0,126.0,126.0,130.0,113.0,129.0,118.0,139.0,167.0,174.0,119.0,154.0,147.0,140.0,138.0,140.0,America/Paramaribo,SR,South America,Paramaribo,SUR,CONCACAF,0.0,0.0
Swaziland,,,,,,,,,,,,,,,,148.0,144.0,141.0,142.0,166.0,181.0,181.0,170.0,150.0,115.0,114.0,134.0,140.0,,,,Africa/Mbabane,SZ,Africa,Mbabane,SWZ,CAF,1.0,1.0
Sweden,4.0,8.0,5.0,9.0,10.0,19.0,24.0,14.0,18.0,19.0,20.0,20.0,19.0,13.0,16.0,19.0,26.0,35.0,36.0,23.0,18.0,24.0,31.0,40.0,37.0,29.0,18.0,16.0,18.0,18.0,18.0,Europe/Stockholm,SE,Europe,Stockholm,SWE,UEFA,1.0,1.0
Switzerland,12.0,9.0,8.0,12.0,30.0,59.0,76.0,54.0,56.0,60.0,58.0,42.0,46.0,42.0,24.0,31.0,40.0,17.0,20.0,23.0,17.0,12.0,8.0,12.0,13.0,8.0,7.0,10.0,13.0,13.0,14.0,Europe/Zurich,CH,Europe,Bern,SUI,UEFA,1.0,1.0
Syria,96.0,80.0,92.0,121.0,133.0,104.0,97.0,102.0,101.0,95.0,92.0,90.0,85.0,94.0,105.0,113.0,100.0,96.0,99.0,107.0,134.0,138.0,142.0,130.0,108.0,82.0,73.0,83.0,78.0,81.0,89.0,Asia/Damascus,SY,Asia,Damascus,SYR,AFC,0.0,0.0
Tahiti,123.0,138.0,144.0,153.0,155.0,161.0,152.0,131.0,136.0,130.0,121.0,123.0,127.0,132.0,157.0,170.0,174.0,190.0,189.0,181.0,157.0,142.0,158.0,181.0,177.0,150.0,156.0,158.0,161.0,159.0,161.0,Pacific/Tahiti,,Atlantic, Papeete,TAH,OFC,7.0,7.0
Tajikistan,,,155.0,161.0,162.0,130.0,121.0,125.0,129.0,141.0,158.0,170.0,135.0,138.0,127.0,140.0,149.0,154.0,140.0,138.0,135.0,119.0,125.0,147.0,147.0,135.0,121.0,119.0,121.0,117.0,114.0,Asia/Dushanbe,TJ,Asia,Dushanbe,TJK,AFC,2.0,2.0
Tanzania,80.0,97.0,92.0,72.0,78.0,95.0,105.0,120.0,133.0,148.0,150.0,156.0,164.0,172.0,142.0,107.0,104.0,101.0,112.0,125.0,135.0,121.0,113.0,122.0,134.0,138.0,140.0,134.0,134.0,133.0,131.0,Africa/Dar_es_Salaam,TZ,Africa,Dodoma,TAN,CAF,0.0,0.0
Thailand,75.0,67.0,76.0,90.0,59.0,63.0,49.0,69.0,60.0,61.0,64.0,61.0,65.0,91.0,115.0,117.0,105.0,114.0,106.0,120.0,136.0,140.0,149.0,140.0,124.0,130.0,122.0,113.0,112.0,114.0,111.0,Asia/Bangkok,TH,Asia,Bangkok,THA,AFC,4.0,4.0
Togo,101.0,110.0,111.0,86.0,95.0,75.0,75.0,80.0,86.0,73.0,73.0,90.0,94.0,69.0,55.0,66.0,78.0,75.0,81.0,106.0,91.0,73.0,82.0,79.0,99.0,110.0,125.0,125.0,126.0,130.0,123.0,Africa/Lome,TG,Africa,Lome,TOG,CAF,3.0,3.0
Tonga,,,,,170.0,169.0,171.0,173.0,182.0,178.0,173.0,180.0,182.0,183.0,187.0,182.0,179.0,189.0,187.0,191.0,176.0,188.0,192.0,198.0,,,205.0,203.0,203.0,200.0,199.0,Pacific/Tongatapu,TO,Oceania,Nukualofa,TGA,OFC,10.0,10.0
Trinidad and Tobago,62.0,87.0,88.0,70.0,40.0,56.0,49.0,56.0,36.0,31.0,39.0,55.0,68.0,57.0,62.0,71.0,87.0,73.0,88.0,87.0,79.0,79.0,71.0,59.0,61.0,83.0,88.0,98.0,104.0,101.0,102.0,America/Port_of_Spain,TT,North America,Port of Spain,TRI,CONCACAF,1.0,1.0
Tunisia,38.0,33.0,30.0,23.0,23.0,24.0,23.0,29.0,26.0,26.0,34.0,43.0,35.0,32.0,27.0,42.0,49.0,51.0,54.0,55.0,49.0,46.0,39.0,31.0,42.0,34.0,23.0,27.0,26.0,27.0,35.0,Africa/Tunis,TN,Africa,Tunis,TUN,CAF,2.0,2.0
Turkey,42.0,59.0,49.0,33.0,30.0,40.0,53.0,38.0,30.0,29.0,15.0,7.0,9.0,12.0,19.0,22.0,16.0,22.0,31.0,27.0,32.0,46.0,40.0,44.0,19.0,29.0,38.0,35.0,30.0,35.0,41.0,Europe/Istanbul,TR,Asia,Ankara,TUR,UEFA,0.0,0.0
Turkmenistan,,,116.0,122.0,138.0,136.0,139.0,123.0,123.0,119.0,120.0,135.0,92.0,105.0,139.0,156.0,147.0,149.0,134.0,141.0,137.0,130.0,142.0,147.0,123.0,134.0,124.0,132.0,129.0,131.0,134.0,Asia/Ashgabat,TM,Asia,Ashgabat,TKM,AFC,2.0,2.0
Turks and Caicos Islands,,,,,,,,192.0,198.0,200.0,201.0,202.0,202.0,203.0,188.0,172.0,166.0,179.0,184.0,192.0,200.0,,179.0,188.0,198.0,201.0,205.0,205.0,203.0,205.0,205.0,America/Grand_Turk,TC,North America,Grand Turk,TCA,CONCACAF,1.0,1.0
US Virgin Islands,,,,,,,,190.0,195.0,198.0,197.0,198.0,199.0,195.0,196.0,,193.0,198.0,199.0,180.0,181.0,190.0,193.0,180.0,190.0,197.0,199.0,202.0,207.0,207.0,207.0,Atlantic/Bermuda,AW,Atlantic,Hamilton,VIR,CONCACAF,0.0,0.0
USA,24.0,25.0,22.0,22.0,17.0,27.0,17.0,23.0,19.0,17.0,12.0,10.0,10.0,8.0,16.0,22.0,24.0,14.0,17.0,26.0,30.0,22.0,17.0,29.0,28.0,26.0,24.0,23.0,22.0,15.0,14.0,America/New_York,US,North America,"Washington, D.C.",USA,CONCACAF,1.0,1.0
Uganda,92.0,97.0,100.0,75.0,87.0,92.0,107.0,106.0,107.0,110.0,113.0,104.0,102.0,109.0,99.0,97.0,91.0,71.0,71.0,83.0,88.0,85.0,83.0,72.0,69.0,72.0,77.0,78.0,77.0,83.0,85.0,Africa/Kampala,UG,Africa,Kampala,UGA,CAF,0.0,0.0
Ukraine,129.0,113.0,83.0,76.0,68.0,51.0,54.0,27.0,31.0,40.0,44.0,48.0,70.0,41.0,26.0,16.0,27.0,19.0,27.0,44.0,48.0,32.0,20.0,29.0,26.0,31.0,31.0,25.0,23.0,25.0,27.0,Europe/Kiev,UA,Europe,Kiev,UKR,UEFA,0.0,0.0
United Arab Emirates,59.0,54.0,54.0,54.0,69.0,63.0,54.0,60.0,57.0,63.0,67.0,93.0,76.0,85.0,84.0,95.0,102.0,117.0,100.0,112.0,119.0,85.0,69.0,69.0,67.0,71.0,78.0,67.0,72.0,70.0,68.0,Asia/Dubai,AE,Asia,Abu Dhabi,UAE,AFC,1.0,1.0
Uruguay,16.0,17.0,25.0,29.0,43.0,46.0,42.0,54.0,38.0,29.0,23.0,25.0,22.0,18.0,20.0,23.0,25.0,20.0,12.0,6.0,5.0,12.0,7.0,12.0,10.0,15.0,13.0,5.0,6.0,12.0,14.0,America/Montevideo,UY,South America,Montevideo,URU,CONMEBOL,0.0,0.0
Uzbekistan,,,77.0,89.0,105.0,90.0,86.0,80.0,62.0,67.0,75.0,101.0,68.0,54.0,55.0,57.0,64.0,76.0,92.0,81.0,68.0,60.0,59.0,73.0,62.0,66.0,87.0,85.0,84.0,84.0,84.0,Asia/Samarkand,UZ,Asia,Tashkent,UZB,AFC,2.0,2.0
Vanuatu,,,,,178.0,183.0,183.0,181.0,175.0,169.0,163.0,158.0,149.0,146.0,156.0,157.0,144.0,145.0,160.0,168.0,169.0,177.0,185.0,195.0,182.0,181.0,159.0,163.0,163.0,163.0,165.0,Pacific/Efate,VU,Oceania,Port Vila,VAN,OFC,8.0,8.0
Venezuela,125.0,93.0,99.0,119.0,115.0,111.0,120.0,115.0,111.0,104.0,80.0,63.0,53.0,66.0,70.0,64.0,61.0,56.0,51.0,53.0,46.0,39.0,51.0,68.0,66.0,59.0,37.0,27.0,26.0,43.0,58.0,America/Caracas,VE,South America,Caracas,VEN,CONMEBOL,1.0,1.0
Vietnam,,132.0,143.0,149.0,111.0,109.0,98.0,107.0,101.0,100.0,110.0,95.0,98.0,108.0,139.0,135.0,136.0,135.0,125.0,131.0,117.0,141.0,132.0,138.0,139.0,130.0,104.0,96.0,93.0,94.0,97.0,Asia/Saigon,VN,Asia,Hanoi,VIE,AFC,4.0,4.0
Wales,28.0,28.0,34.0,51.0,71.0,90.0,100.0,83.0,103.0,105.0,83.0,53.0,63.0,74.0,69.0,68.0,55.0,70.0,87.0,95.0,48.0,55.0,42.0,19.0,16.0,14.0,19.0,22.0,21.0,18.0,19.0,Europe/London,GB,Europe,Cardiff,WAL,UEFA,2.0,2.0
Yemen,115.0,90.0,99.0,112.0,132.0,134.0,138.0,150.0,158.0,145.0,141.0,143.0,131.0,127.0,134.0,138.0,141.0,142.0,111.0,135.0,154.0,172.0,180.0,173.0,163.0,132.0,133.0,142.0,144.0,149.0,151.0,Asia/Aden,YE,Asia,Sana'a,YEM,AFC,0.0,0.0
Yugoslavia,29.0,63.0,82.0,85.0,68.0,37.0,7.0,16.0,10.0,11.0,13.0,,,,,,,,,,,,,,,,,,,,,Europe/Belgrade,YG,Europe,Belgrade,YUG,UEFA,1.0,1.0
Zambia,32.0,26.0,21.0,27.0,16.0,20.0,22.0,35.0,41.0,56.0,64.0,68.0,72.0,65.0,58.0,64.0,68.0,86.0,72.0,83.0,43.0,55.0,73.0,65.0,83.0,87.0,77.0,82.0,88.0,87.0,87.0,Africa/Lusaka,ZM,Africa,Lusaka,ZAM,CAF,1.0,1.0
Zimbabwe,54.0,46.0,46.0,47.0,65.0,62.0,77.0,73.0,69.0,67.0,62.0,54.0,49.0,55.0,64.0,88.0,90.0,109.0,115.0,97.0,101.0,104.0,99.0,114.0,115.0,105.0,112.0,112.0,110.0,113.0,122.0,Africa/Harare,ZW,Africa,Harare,ZIM,CAF,1.0,1.0
