,Afghanistan,Albania,Algeria,American Samoa,Andorra,Angola,Anguilla,Antigua and Barbuda,Argentina,Armenia,Aruba,Australia,Austria,Azerbaijan,Bahamas,Bahrain,Bangladesh,Barbados,Belarus,Belgium,Belize,Benin,Bermuda,Bhutan,Bolivia,Bosnia and Herzegovina,Botswana,Brazil,British Virgin Islands,Brunei Darussalam,Bulgaria,Burkina Faso,Burundi,Cambodia,Cameroon,Canada,Cape Verde,Cayman Islands,Central African Republic,Chad,Chile,China,Chinese Taipei,Colombia,Comoros,Congo,Congo DR,Congo DR,Cook Islands,Costa Rica,Cote d'lvoire,Croatia,Cuba,Curacao,Cyprus,Czech Republic,Czechoslovakia,Denmark,Djibouti,Dominica,Dominican Republic,East Timor,Ecuador,Egypt,El Salvador,England,Equatorial Guinea,Eritrea,Estonia,Eswatini,Ethiopia,Faroe Islands,Fiji,Finland,France,Gabon,Gambia,Georgia,Germany,Ghana,Gibraltar,Greece,Grenada,Guam,Guatemala,Guinea,Guinea-Bissau,Guyana,Haiti,Honduras,Hong Kong,Hungary,Iceland,India,Indonesia,Iran,Iraq,Israel,Italy,Jamaica,Japan,Jordan,Kazakhstan,Kenya,Kosovo,Kuwait,Kyrgyzstan,Laos,Latvia,Lebanon,Lesotho,Liberia,Libya,Liechtenstein,Lithuania,Luxembourg,Macau,Macedonia,Madagascar,Malawi,Malaysia,Maldives,Mali,Malta,Mauritania,Mauritius,Mexico,Moldova,Mongolia,Montenegro,Montserrat,Morocco,Mozambique,Myanmar,Namibia,Nepal,Netherlands,Netherlands Antilles,New Caledonia,New Zealand,Nicaragua,Niger,Nigeria,North Korea,Northern Ireland,Norway,Oman,Pakistan,Palestine,Panama,Papua New Guinea,Paraguay,Peru,Philippines,Poland,Portugal,Puerto Rico,Qatar,Republic of Ireland,Romania,Russia,Rwanda,Samoa,San Marino,Sao Tome e Principe,Saudi Arabia,Scotland,Senegal,Serbia,Serbia and Montenegro,Seychelles,Sierra Leone,Singapore,Slovakia,Slovenia,Solomon Islands,Somalia,South Africa,South Korea,South Sudan,Spain,Sri Lanka,St. Kitts and Nevis,St. Lucia,St. Vincent and the Grenadines,Sudan,Suriname,Swaziland,Sweden,Switzerland,Syria,Tahiti,Tajikistan,Tanzania,Thailand,Togo,Tonga,Trinidad and Tobago,Tunisia,Turkey,Turkmenistan,Turks and Caicos Islands,US Virgin Islands,USA,Uganda,Ukraine,United Arab Emirates,Uruguay,Uzbekistan,Vanuatu,Venezuela,Vietnam,Wales,Yemen,Yugoslavia,Zambia,Zimbabwe
1992,,86.0,30.0,,,102.0,,109.0,10.0,,,45.0,34.0,,,88.0,133.0,114.0,146.0,17.0,,127.0,58.0,,87.0,,139.0,3.0,,140.0,26.0,97.0,100.0,,22.0,57.0,135.0,,148.0,,47.0,56.0,,35.0,,90.0,60.0,60.0,,37.0,27.0,113.0,144.0,,72.0,,18.0,9.0,,,141.0,,65.0,21.0,50.0,5.0,,,132.0,104.0,85.0,94.0,106.0,44.0,19.0,55.0,150.0,,1.0,39.0,,31.0,121.0,,83.0,63.0,117.0,128.0,130.0,40.0,119.0,36.0,46.0,143.0,108.0,61.0,82.0,64.0,2.0,67.0,66.0,110.0,,76.0,,71.0,,,99.0,,142.0,84.0,137.0,,93.0,103.0,,,74.0,53.0,91.0,,69.0,73.0,134.0,112.0,25.0,,,,,41.0,107.0,,,149.0,7.0,,,70.0,,81.0,13.0,77.0,43.0,14.0,116.0,145.0,,120.0,,68.0,78.0,,20.0,33.0,122.0,52.0,6.0,11.0,8.0,,,126.0,,48.0,23.0,51.0,,,147.0,79.0,89.0,,131.0,136.0,,124.0,49.0,,15.0,,,118.0,105.0,111.0,95.0,,4.0,12.0,96.0,123.0,,80.0,75.0,101.0,,62.0,38.0,42.0,,,,24.0,92.0,129.0,59.0,16.0,,,125.0,,28.0,115.0,29.0,32.0,54.0
1993,,91.0,32.0,,,97.0,,125.0,8.0,,,55.0,35.0,,,79.0,119.0,110.0,132.0,22.0,,126.0,79.0,,56.0,,137.0,3.0,,146.0,32.0,121.0,99.0,,23.0,46.0,143.0,152.0,153.0,,52.0,48.0,,19.0,,103.0,70.0,70.0,,38.0,32.0,118.0,151.0,,73.0,,18.0,6.0,,,149.0,,42.0,27.0,63.0,9.0,,,114.0,96.0,92.0,113.0,111.0,46.0,12.0,57.0,145.0,,2.0,41.0,,33.0,139.0,,115.0,62.0,131.0,134.0,140.0,39.0,108.0,47.0,48.0,111.0,102.0,57.0,62.0,64.0,2.0,78.0,43.0,87.0,,75.0,,62.0,,142.0,87.0,109.0,137.0,113.0,147.0,,84.0,109.0,,,85.0,68.0,77.0,148.0,72.0,83.0,143.0,127.0,16.0,,,,,31.0,103.0,108.0,,124.0,8.0,,,78.0,151.0,80.0,17.0,60.0,40.0,4.0,99.0,145.0,,127.0,,60.0,71.0,,23.0,20.0,104.0,52.0,9.0,16.0,10.0,,,120.0,,42.0,27.0,58.0,,,152.0,81.0,74.0,148.0,130.0,144.0,,98.0,37.0,,9.0,126.0,,136.0,124.0,119.0,115.0,,8.0,9.0,80.0,138.0,,97.0,67.0,110.0,,87.0,33.0,59.0,,,,25.0,97.0,113.0,54.0,17.0,,,93.0,132.0,28.0,90.0,63.0,26.0,46.0
1994,,100.0,47.0,,,117.0,,124.0,8.0,147.0,,49.0,39.0,149.0,,83.0,125.0,101.0,134.0,25.0,,138.0,91.0,,46.0,,147.0,1.0,,157.0,20.0,100.0,113.0,,27.0,54.0,154.0,144.0,,,45.0,50.0,,17.0,,110.0,66.0,66.0,,53.0,24.0,89.0,,,71.0,45.0,,9.0,,,157.0,,49.0,24.0,70.0,15.0,,,114.0,110.0,110.0,125.0,109.0,42.0,16.0,67.0,110.0,110.0,2.0,28.0,,32.0,135.0,,135.0,62.0,119.0,145.0,130.0,50.0,101.0,54.0,40.0,105.0,120.0,62.0,72.0,51.0,6.0,81.0,41.0,98.0,153.0,82.0,,63.0,165.0,153.0,80.0,119.0,141.0,130.0,158.0,154.0,75.0,118.0,,112.0,105.0,79.0,88.0,153.0,51.0,74.0,143.0,140.0,15.0,135.0,,,,29.0,106.0,117.0,137.0,130.0,6.0,,,88.0,160.0,76.0,11.0,73.0,40.0,6.0,76.0,148.0,,134.0,,69.0,70.0,,29.0,21.0,106.0,62.0,12.0,10.0,15.0,,,130.0,,31.0,29.0,55.0,,,,69.0,84.0,47.0,91.0,155.0,159.0,76.0,37.0,,5.0,130.0,,147.0,136.0,122.0,101.0,,5.0,8.0,92.0,144.0,155.0,92.0,76.0,111.0,,88.0,30.0,49.0,116.0,,,22.0,100.0,83.0,54.0,25.0,77.0,,99.0,143.0,34.0,99.0,82.0,21.0,46.0
1995,,96.0,52.0,,,84.0,,138.0,7.0,128.0,168.0,51.0,42.0,145.0,,83.0,132.0,110.0,107.0,23.0,173.0,151.0,122.0,,51.0,,147.0,1.0,,167.0,12.0,98.0,133.0,,37.0,64.0,161.0,142.0,,,40.0,54.0,,16.0,,109.0,63.0,63.0,,70.0,29.0,52.0,101.0,,70.0,25.0,,10.0,,162.0,157.0,,60.0,23.0,92.0,20.0,,,120.0,134.0,102.0,125.0,128.0,40.0,15.0,67.0,111.0,87.0,3.0,26.0,,28.0,141.0,,153.0,56.0,126.0,155.0,141.0,60.0,106.0,58.0,43.0,114.0,141.0,88.0,97.0,43.0,3.0,80.0,34.0,126.0,158.0,93.0,,69.0,168.0,161.0,66.0,136.0,140.0,97.0,169.0,153.0,51.0,109.0,,93.0,116.0,77.0,103.0,163.0,51.0,86.0,104.0,143.0,10.0,114.0,,,,34.0,81.0,127.0,118.0,142.0,10.0,,,101.0,170.0,82.0,23.0,99.0,50.0,5.0,84.0,156.0,,141.0,,78.0,69.0,166.0,31.0,15.0,124.0,70.0,15.0,11.0,11.0,168.0,,138.0,,34.0,26.0,48.0,,,171.0,64.0,108.0,38.0,78.0,165.0,160.0,58.0,39.0,,3.0,136.0,145.0,123.0,113.0,94.0,116.0,,9.0,12.0,121.0,153.0,161.0,72.0,90.0,86.0,,70.0,23.0,33.0,122.0,,,22.0,75.0,76.0,54.0,29.0,89.0,,119.0,149.0,51.0,112.0,85.0,27.0,47.0
1996,,102.0,45.0,,,76.0,,141.0,15.0,114.0,175.0,52.0,40.0,129.0,,115.0,125.0,107.0,88.0,37.0,177.0,154.0,155.0,,39.0,165.0,160.0,1.0,,169.0,19.0,104.0,140.0,,41.0,63.0,149.0,143.0,182.0,,28.0,60.0,172.0,10.0,,114.0,64.0,64.0,,81.0,28.0,27.0,72.0,,78.0,7.0,,8.0,,143.0,135.0,,38.0,26.0,71.0,17.0,,,117.0,154.0,104.0,129.0,150.0,66.0,4.0,47.0,118.0,85.0,2.0,19.0,,35.0,128.0,,112.0,78.0,122.0,155.0,125.0,49.0,113.0,75.0,54.0,110.0,121.0,88.0,123.0,48.0,5.0,44.0,24.0,146.0,160.0,102.0,,76.0,164.0,149.0,69.0,97.0,156.0,89.0,175.0,157.0,52.0,111.0,167.0,88.0,139.0,97.0,98.0,169.0,67.0,107.0,97.0,152.0,12.0,113.0,,,,29.0,77.0,102.0,111.0,146.0,8.0,,,124.0,174.0,114.0,49.0,134.0,61.0,18.0,91.0,167.0,,116.0,171.0,53.0,65.0,167.0,47.0,15.0,142.0,77.0,35.0,16.0,5.0,166.0,177.0,158.0,,38.0,30.0,57.0,,,175.0,60.0,94.0,36.0,63.0,172.0,171.0,20.0,49.0,,7.0,134.0,126.0,129.0,88.0,87.0,129.0,,10.0,30.0,133.0,155.0,162.0,78.0,59.0,95.0,170.0,40.0,23.0,30.0,138.0,,,17.0,87.0,68.0,69.0,43.0,105.0,178.0,115.0,111.0,71.0,132.0,68.0,16.0,65.0
1997,,118.0,55.0,,185.0,61.0,,155.0,15.0,107.0,175.0,33.0,35.0,123.0,,115.0,137.0,110.0,103.0,39.0,178.0,132.0,169.0,,26.0,112.0,160.0,1.0,178.0,175.0,19.0,104.0,147.0,176.0,49.0,54.0,164.0,157.0,186.0,184.0,24.0,59.0,153.0,9.0,,97.0,74.0,74.0,,55.0,46.0,27.0,89.0,,81.0,8.0,,4.0,,139.0,141.0,,32.0,34.0,71.0,8.0,,,100.0,167.0,119.0,124.0,149.0,66.0,8.0,61.0,137.0,90.0,2.0,43.0,,39.0,116.0,,92.0,63.0,143.0,163.0,126.0,54.0,128.0,73.0,77.0,115.0,106.0,61.0,78.0,52.0,9.0,37.0,17.0,129.0,130.0,98.0,,54.0,150.0,148.0,76.0,89.0,155.0,93.0,167.0,158.0,47.0,133.0,163.0,82.0,155.0,89.0,87.0,173.0,74.0,125.0,127.0,148.0,10.0,124.0,,,,18.0,74.0,114.0,88.0,150.0,9.0,,,119.0,181.0,143.0,63.0,156.0,72.0,14.0,87.0,167.0,,109.0,166.0,26.0,38.0,171.0,51.0,22.0,160.0,78.0,44.0,7.0,9.0,167.0,180.0,167.0,,33.0,27.0,71.0,,,178.0,83.0,104.0,24.0,90.0,137.0,184.0,25.0,33.0,,4.0,133.0,128.0,139.0,113.0,94.0,142.0,,19.0,59.0,104.0,161.0,130.0,95.0,63.0,75.0,169.0,56.0,24.0,40.0,136.0,,,27.0,92.0,51.0,63.0,46.0,90.0,183.0,111.0,109.0,90.0,134.0,37.0,20.0,62.0
1998,,103.0,61.0,192.0,178.0,53.0,,145.0,6.0,107.0,175.0,35.0,25.0,110.0,,129.0,151.0,111.0,105.0,32.0,180.0,130.0,181.0,,48.0,97.0,154.0,1.0,182.0,179.0,40.0,70.0,153.0,159.0,42.0,83.0,163.0,157.0,188.0,179.0,11.0,52.0,162.0,20.0,,110.0,65.0,65.0,172.0,54.0,44.0,10.0,89.0,,78.0,5.0,,20.0,190.0,134.0,145.0,,44.0,21.0,75.0,8.0,191.0,189.0,96.0,144.0,135.0,119.0,144.0,58.0,7.0,79.0,121.0,51.0,2.0,57.0,,53.0,111.0,,75.0,64.0,155.0,160.0,108.0,84.0,136.0,61.0,69.0,116.0,85.0,40.0,88.0,43.0,10.0,31.0,17.0,123.0,110.0,90.0,,41.0,146.0,141.0,80.0,99.0,136.0,102.0,147.0,161.0,52.0,143.0,165.0,75.0,159.0,92.0,100.0,165.0,62.0,125.0,129.0,153.0,8.0,128.0,,,,13.0,75.0,111.0,74.0,167.0,12.0,,,116.0,184.0,149.0,67.0,171.0,91.0,11.0,89.0,159.0,184.0,125.0,169.0,26.0,49.0,171.0,44.0,39.0,175.0,70.0,50.0,14.0,27.0,169.0,177.0,177.0,193.0,32.0,38.0,81.0,,,179.0,95.0,91.0,33.0,89.0,134.0,187.0,26.0,20.0,,16.0,132.0,129.0,137.0,128.0,114.0,151.0,,24.0,76.0,97.0,152.0,121.0,105.0,49.0,75.0,171.0,49.0,23.0,53.0,139.0,,,17.0,107.0,54.0,54.0,42.0,86.0,183.0,120.0,98.0,100.0,138.0,7.0,22.0,77.0
1999,,90.0,76.0,198.0,156.0,57.0,200.0,147.0,6.0,88.0,185.0,62.0,21.0,99.0,188.0,122.0,147.0,115.0,93.0,28.0,186.0,132.0,168.0,,54.0,89.0,160.0,1.0,170.0,185.0,32.0,76.0,134.0,171.0,49.0,90.0,172.0,155.0,194.0,181.0,22.0,58.0,169.0,25.0,,98.0,57.0,57.0,177.0,67.0,45.0,5.0,91.0,,63.0,4.0,,15.0,192.0,144.0,153.0,,57.0,35.0,89.0,11.0,192.0,178.0,83.0,140.0,138.0,109.0,126.0,55.0,2.0,78.0,144.0,59.0,4.0,46.0,,36.0,122.0,199.0,73.0,81.0,167.0,168.0,109.0,73.0,133.0,46.0,50.0,113.0,105.0,47.0,97.0,29.0,6.0,41.0,44.0,125.0,115.0,99.0,,55.0,155.0,153.0,63.0,107.0,149.0,98.0,150.0,131.0,49.0,125.0,171.0,64.0,134.0,105.0,115.0,160.0,75.0,121.0,152.0,125.0,11.0,99.0,197.0,,201.0,20.0,92.0,123.0,82.0,162.0,12.0,,,102.0,188.0,151.0,69.0,161.0,71.0,10.0,88.0,178.0,183.0,139.0,176.0,19.0,53.0,178.0,28.0,14.0,181.0,81.0,38.0,9.0,26.0,166.0,174.0,147.0,193.0,38.0,25.0,85.0,,,185.0,112.0,99.0,22.0,63.0,138.0,195.0,27.0,38.0,,6.0,143.0,136.0,145.0,136.0,119.0,159.0,,14.0,54.0,102.0,131.0,125.0,120.0,69.0,80.0,173.0,56.0,29.0,38.0,123.0,192.0,190.0,23.0,106.0,27.0,60.0,54.0,80.0,181.0,115.0,107.0,83.0,150.0,16.0,35.0,73.0
2000,,84.0,78.0,201.0,146.0,52.0,197.0,148.0,4.0,87.0,185.0,78.0,35.0,106.0,180.0,131.0,140.0,103.0,100.0,29.0,186.0,144.0,151.0,200.0,67.0,78.0,156.0,1.0,167.0,189.0,46.0,76.0,136.0,173.0,37.0,64.0,166.0,155.0,177.0,165.0,21.0,69.0,165.0,17.0,,93.0,66.0,66.0,177.0,62.0,48.0,12.0,76.0,,63.0,3.0,,15.0,193.0,154.0,152.0,,64.0,33.0,89.0,13.0,189.0,166.0,75.0,133.0,142.0,115.0,136.0,52.0,2.0,83.0,152.0,64.0,7.0,52.0,,34.0,132.0,200.0,67.0,84.0,174.0,178.0,87.0,57.0,122.0,50.0,49.0,113.0,97.0,42.0,83.0,32.0,9.0,48.0,49.0,105.0,120.0,106.0,,71.0,167.0,159.0,77.0,111.0,145.0,103.0,123.0,136.0,62.0,133.0,176.0,76.0,127.0,112.0,110.0,150.0,84.0,117.0,159.0,120.0,10.0,93.0,197.0,,201.0,25.0,106.0,125.0,84.0,162.0,14.0,,,98.0,190.0,172.0,54.0,150.0,91.0,9.0,101.0,184.0,170.0,122.0,187.0,16.0,41.0,178.0,37.0,10.0,191.0,96.0,36.0,10.0,22.0,143.0,177.0,161.0,183.0,45.0,22.0,81.0,,,190.0,126.0,101.0,25.0,40.0,138.0,195.0,22.0,42.0,,4.0,154.0,141.0,129.0,129.0,131.0,162.0,,18.0,56.0,101.0,136.0,129.0,133.0,60.0,86.0,182.0,36.0,26.0,30.0,123.0,198.0,195.0,19.0,107.0,31.0,57.0,38.0,62.0,175.0,111.0,101.0,103.0,158.0,10.0,41.0,69.0
2001,,84.0,77.0,201.0,143.0,54.0,194.0,150.0,2.0,95.0,185.0,59.0,45.0,114.0,181.0,118.0,146.0,106.0,88.0,26.0,175.0,152.0,159.0,201.0,71.0,73.0,152.0,1.0,164.0,191.0,49.0,72.0,132.0,170.0,37.0,75.0,159.0,161.0,178.0,170.0,31.0,65.0,167.0,11.0,,91.0,73.0,73.0,174.0,42.0,45.0,17.0,78.0,,70.0,8.0,,19.0,191.0,156.0,159.0,,46.0,36.0,86.0,13.0,189.0,165.0,74.0,130.0,143.0,118.0,127.0,54.0,1.0,95.0,155.0,67.0,9.0,58.0,,52.0,136.0,199.0,60.0,92.0,179.0,178.0,84.0,38.0,130.0,55.0,53.0,119.0,90.0,39.0,75.0,44.0,4.0,48.0,35.0,101.0,110.0,104.0,,72.0,164.0,166.0,96.0,102.0,128.0,74.0,114.0,148.0,92.0,142.0,180.0,78.0,119.0,118.0,108.0,150.0,107.0,127.0,169.0,121.0,11.0,100.0,188.0,,202.0,30.0,119.0,137.0,92.0,160.0,8.0,,,87.0,189.0,186.0,44.0,142.0,97.0,19.0,96.0,186.0,151.0,116.0,194.0,10.0,47.0,178.0,29.0,5.0,195.0,87.0,25.0,13.0,20.0,136.0,173.0,162.0,183.0,30.0,35.0,75.0,,,190.0,134.0,106.0,33.0,34.0,134.0,196.0,25.0,41.0,,6.0,149.0,136.0,131.0,127.0,122.0,150.0,,19.0,60.0,95.0,130.0,141.0,148.0,61.0,73.0,178.0,31.0,26.0,29.0,119.0,200.0,198.0,17.0,110.0,40.0,63.0,29.0,67.0,169.0,104.0,100.0,105.0,145.0,11.0,56.0,67.0
2002,,94.0,74.0,200.0,140.0,62.0,195.0,158.0,3.0,100.0,186.0,47.0,57.0,113.0,184.0,106.0,151.0,107.0,82.0,19.0,160.0,147.0,168.0,200.0,76.0,76.0,137.0,1.0,161.0,190.0,49.0,77.0,131.0,172.0,19.0,73.0,158.0,168.0,181.0,174.0,53.0,55.0,169.0,14.0,,97.0,72.0,72.0,179.0,26.0,50.0,26.0,80.0,,82.0,16.0,,15.0,192.0,165.0,158.0,,33.0,41.0,88.0,8.0,190.0,167.0,76.0,125.0,135.0,117.0,129.0,43.0,1.0,108.0,150.0,65.0,7.0,57.0,,51.0,135.0,199.0,67.0,112.0,176.0,174.0,82.0,32.0,144.0,64.0,54.0,124.0,96.0,32.0,62.0,50.0,8.0,56.0,29.0,93.0,104.0,97.0,,78.0,166.0,164.0,97.0,100.0,134.0,79.0,112.0,149.0,98.0,146.0,182.0,89.0,114.0,110.0,116.0,149.0,86.0,121.0,178.0,126.0,7.0,105.0,188.0,,203.0,37.0,127.0,154.0,109.0,158.0,9.0,,,69.0,189.0,190.0,30.0,128.0,93.0,31.0,91.0,180.0,148.0,116.0,180.0,16.0,54.0,177.0,35.0,7.0,197.0,72.0,15.0,20.0,24.0,131.0,164.0,159.0,187.0,35.0,55.0,38.0,,19.0,190.0,140.0,115.0,48.0,30.0,139.0,193.0,33.0,30.0,,5.0,142.0,125.0,128.0,133.0,115.0,143.0,,20.0,58.0,92.0,121.0,158.0,150.0,64.0,73.0,173.0,39.0,34.0,15.0,120.0,201.0,197.0,12.0,113.0,44.0,67.0,23.0,75.0,163.0,80.0,110.0,83.0,141.0,13.0,64.0,62.0
2003,199.0,91.0,66.0,201.0,141.0,81.0,196.0,160.0,4.0,109.0,193.0,59.0,58.0,114.0,189.0,95.0,147.0,100.0,81.0,16.0,167.0,130.0,178.0,193.0,101.0,71.0,124.0,1.0,168.0,193.0,38.0,74.0,138.0,171.0,15.0,77.0,148.0,173.0,178.0,163.0,72.0,71.0,159.0,33.0,,104.0,59.0,59.0,186.0,18.0,62.0,25.0,62.0,,87.0,11.0,,12.0,195.0,180.0,160.0,,34.0,38.0,88.0,7.0,180.0,157.0,64.0,112.0,135.0,119.0,143.0,42.0,2.0,119.0,140.0,89.0,6.0,69.0,,36.0,141.0,200.0,67.0,113.0,187.0,177.0,82.0,41.0,139.0,57.0,59.0,127.0,86.0,37.0,56.0,44.0,11.0,47.0,24.0,71.0,126.0,76.0,,77.0,170.0,164.0,73.0,115.0,124.0,99.0,91.0,147.0,98.0,152.0,185.0,89.0,108.0,101.0,111.0,148.0,68.0,128.0,176.0,128.0,7.0,108.0,185.0,,203.0,36.0,129.0,141.0,133.0,163.0,5.0,,,62.0,174.0,173.0,30.0,119.0,111.0,27.0,97.0,163.0,144.0,123.0,168.0,20.0,76.0,184.0,30.0,14.0,199.0,72.0,14.0,23.0,27.0,115.0,169.0,160.0,192.0,39.0,58.0,29.0,,27.0,177.0,136.0,100.0,53.0,32.0,150.0,191.0,32.0,23.0,,2.0,139.0,121.0,117.0,154.0,109.0,148.0,,20.0,42.0,90.0,123.0,170.0,156.0,61.0,90.0,180.0,55.0,43.0,7.0,135.0,202.0,198.0,10.0,104.0,48.0,93.0,25.0,101.0,158.0,63.0,95.0,53.0,143.0,,68.0,54.0
2004,197.0,90.0,59.0,203.0,146.0,81.0,197.0,161.0,5.0,116.0,195.0,67.0,77.0,115.0,191.0,53.0,156.0,114.0,80.0,25.0,179.0,122.0,164.0,188.0,98.0,68.0,109.0,1.0,175.0,194.0,38.0,77.0,150.0,183.0,15.0,92.0,137.0,182.0,176.0,158.0,73.0,62.0,152.0,33.0,,103.0,67.0,67.0,190.0,24.0,62.0,22.0,75.0,,100.0,6.0,,14.0,198.0,169.0,170.0,,40.0,33.0,101.0,8.0,164.0,160.0,74.0,121.0,138.0,131.0,140.0,43.0,2.0,117.0,143.0,102.0,11.0,78.0,,24.0,144.0,203.0,76.0,89.0,187.0,181.0,92.0,52.0,141.0,72.0,71.0,139.0,94.0,21.0,43.0,55.0,9.0,50.0,22.0,42.0,140.0,78.0,,57.0,155.0,169.0,57.0,110.0,129.0,113.0,73.0,148.0,108.0,155.0,187.0,91.0,129.0,105.0,117.0,140.0,46.0,130.0,171.0,124.0,6.0,108.0,183.0,,204.0,33.0,126.0,145.0,148.0,172.0,5.0,,186.0,89.0,164.0,169.0,20.0,113.0,113.0,37.0,58.0,174.0,130.0,113.0,167.0,24.0,72.0,190.0,27.0,14.0,200.0,59.0,14.0,29.0,28.0,99.0,178.0,165.0,193.0,26.0,63.0,30.0,,46.0,168.0,151.0,113.0,57.0,39.0,139.0,192.0,39.0,21.0,,3.0,138.0,119.0,125.0,156.0,108.0,151.0,,19.0,46.0,85.0,127.0,135.0,164.0,65.0,94.0,182.0,68.0,35.0,9.0,92.0,202.0,199.0,10.0,102.0,70.0,76.0,22.0,68.0,149.0,53.0,98.0,63.0,131.0,,72.0,49.0
2005,198.0,86.0,78.0,204.0,133.0,68.0,197.0,153.0,3.0,116.0,198.0,55.0,74.0,115.0,192.0,51.0,167.0,120.0,64.0,47.0,180.0,121.0,157.0,188.0,96.0,74.0,101.0,1.0,164.0,198.0,42.0,87.0,144.0,185.0,24.0,85.0,122.0,176.0,181.0,159.0,72.0,59.0,154.0,25.0,,113.0,75.0,75.0,192.0,22.0,43.0,21.0,70.0,,105.0,3.0,,15.0,200.0,167.0,171.0,,35.0,29.0,114.0,8.0,170.0,169.0,80.0,129.0,127.0,131.0,137.0,41.0,4.0,104.0,158.0,102.0,16.0,67.0,,15.0,148.0,204.0,60.0,86.0,190.0,178.0,90.0,46.0,123.0,67.0,93.0,133.0,95.0,18.0,55.0,47.0,11.0,42.0,16.0,59.0,145.0,82.0,,59.0,152.0,164.0,65.0,114.0,144.0,128.0,72.0,135.0,97.0,154.0,190.0,93.0,149.0,108.0,114.0,141.0,57.0,132.0,176.0,143.0,6.0,112.0,181.0,,202.0,34.0,129.0,145.0,159.0,177.0,4.0,,185.0,106.0,155.0,174.0,25.0,89.0,109.0,36.0,67.0,172.0,131.0,88.0,163.0,30.0,68.0,187.0,23.0,9.0,194.0,73.0,16.0,29.0,31.0,100.0,178.0,160.0,195.0,30.0,78.0,33.0,47.0,46.0,173.0,161.0,99.0,47.0,50.0,134.0,188.0,41.0,23.0,,6.0,141.0,122.0,119.0,131.0,99.0,151.0,,13.0,42.0,94.0,132.0,138.0,172.0,91.0,69.0,183.0,57.0,32.0,12.0,105.0,203.0,195.0,8.0,109.0,41.0,85.0,18.0,54.0,146.0,66.0,108.0,74.0,127.0,,65.0,55.0
2006,181.0,80.0,83.0,205.0,141.0,56.0,197.0,142.0,4.0,111.0,200.0,40.0,69.0,115.0,175.0,77.0,146.0,122.0,65.0,53.0,180.0,110.0,149.0,190.0,95.0,57.0,103.0,1.0,172.0,185.0,38.0,79.0,144.0,183.0,14.0,78.0,105.0,180.0,179.0,146.0,53.0,81.0,155.0,28.0,,104.0,68.0,68.0,195.0,42.0,25.0,20.0,74.0,,91.0,5.0,,16.0,200.0,178.0,170.0,,33.0,23.0,143.0,6.0,129.0,159.0,88.0,144.0,103.0,158.0,143.0,54.0,4.0,98.0,151.0,97.0,12.0,36.0,,20.0,155.0,203.0,70.0,40.0,184.0,136.0,105.0,52.0,116.0,72.0,96.0,130.0,128.0,32.0,72.0,44.0,7.0,56.0,33.0,91.0,135.0,110.0,,78.0,140.0,172.0,78.0,120.0,146.0,131.0,86.0,136.0,81.0,173.0,187.0,72.0,161.0,99.0,139.0,137.0,56.0,121.0,158.0,139.0,12.0,92.0,180.0,,202.0,38.0,129.0,150.0,144.0,170.0,4.0,,180.0,124.0,160.0,166.0,12.0,95.0,76.0,44.0,80.0,157.0,126.0,78.0,172.0,29.0,62.0,189.0,27.0,8.0,193.0,71.0,37.0,24.0,32.0,102.0,185.0,177.0,197.0,53.0,44.0,33.0,33.0,44.0,153.0,155.0,102.0,41.0,70.0,150.0,183.0,61.0,41.0,,7.0,144.0,133.0,129.0,118.0,106.0,145.0,,16.0,24.0,105.0,157.0,127.0,142.0,115.0,55.0,187.0,62.0,27.0,19.0,139.0,188.0,196.0,16.0,99.0,26.0,84.0,20.0,55.0,156.0,70.0,139.0,69.0,134.0,,58.0,64.0
2007,186.0,77.0,76.0,,164.0,61.0,196.0,135.0,2.0,100.0,,45.0,79.0,115.0,156.0,97.0,168.0,112.0,69.0,58.0,,99.0,128.0,195.0,94.0,44.0,101.0,2.0,182.0,175.0,32.0,78.0,115.0,175.0,17.0,69.0,86.0,188.0,184.0,139.0,42.0,80.0,163.0,27.0,184.0,91.0,74.0,74.0,198.0,56.0,26.0,10.0,69.0,,72.0,9.0,,25.0,174.0,183.0,141.0,,43.0,38.0,138.0,9.0,92.0,131.0,118.0,150.0,97.0,187.0,147.0,42.0,4.0,104.0,125.0,88.0,4.0,33.0,,14.0,161.0,,91.0,42.0,187.0,100.0,83.0,55.0,120.0,58.0,95.0,155.0,137.0,40.0,75.0,34.0,2.0,80.0,38.0,96.0,123.0,120.0,,97.0,144.0,165.0,97.0,132.0,152.0,125.0,94.0,137.0,77.0,170.0,188.0,59.0,168.0,114.0,156.0,158.0,42.0,121.0,128.0,148.0,17.0,83.0,181.0,175.0,,40.0,100.0,151.0,118.0,181.0,7.0,179.0,156.0,131.0,158.0,148.0,25.0,130.0,35.0,37.0,77.0,174.0,144.0,64.0,179.0,30.0,62.0,173.0,20.0,7.0,194.0,81.0,38.0,13.0,22.0,117.0,175.0,195.0,,59.0,18.0,40.0,26.0,,147.0,156.0,129.0,41.0,80.0,148.0,193.0,66.0,48.0,,7.0,159.0,145.0,163.0,97.0,110.0,127.0,148.0,19.0,31.0,113.0,170.0,140.0,107.0,117.0,66.0,182.0,71.0,42.0,22.0,156.0,172.0,,22.0,97.0,16.0,95.0,23.0,57.0,157.0,64.0,135.0,68.0,138.0,,64.0,88.0
2008,187.0,84.0,81.0,,183.0,64.0,198.0,133.0,3.0,91.0,193.0,38.0,94.0,132.0,169.0,75.0,177.0,125.0,61.0,48.0,173.0,100.0,133.0,193.0,83.0,65.0,111.0,3.0,178.0,186.0,18.0,86.0,125.0,182.0,15.0,71.0,102.0,180.0,196.0,133.0,39.0,87.0,171.0,26.0,194.0,87.0,79.0,79.0,200.0,70.0,26.0,9.0,91.0,,70.0,7.0,,33.0,181.0,189.0,175.0,197.0,50.0,25.0,122.0,11.0,88.0,137.0,124.0,,100.0,193.0,135.0,40.0,9.0,83.0,92.0,85.0,3.0,20.0,,13.0,145.0,,98.0,40.0,174.0,118.0,106.0,46.0,128.0,52.0,90.0,148.0,133.0,44.0,70.0,20.0,2.0,97.0,35.0,111.0,121.0,100.0,,119.0,138.0,183.0,69.0,145.0,157.0,142.0,86.0,130.0,52.0,145.0,194.0,55.0,141.0,121.0,163.0,155.0,47.0,137.0,134.0,168.0,20.0,55.0,187.0,150.0,,42.0,90.0,159.0,121.0,180.0,6.0,154.0,117.0,87.0,180.0,158.0,30.0,114.0,35.0,34.0,88.0,165.0,172.0,76.0,186.0,23.0,66.0,174.0,28.0,9.0,153.0,83.0,38.0,14.0,16.0,97.0,160.0,198.0,,51.0,19.0,45.0,32.0,,164.0,146.0,129.0,59.0,74.0,136.0,197.0,73.0,48.0,,2.0,164.0,155.0,170.0,139.0,104.0,126.0,144.0,26.0,40.0,100.0,174.0,149.0,104.0,105.0,78.0,179.0,87.0,49.0,16.0,147.0,166.0,193.0,24.0,91.0,27.0,102.0,25.0,64.0,144.0,61.0,136.0,55.0,141.0,,68.0,90.0
2009,187.0,90.0,52.0,,196.0,89.0,,116.0,6.0,116.0,195.0,24.0,73.0,133.0,176.0,68.0,169.0,116.0,80.0,61.0,176.0,80.0,132.0,192.0,58.0,47.0,123.0,3.0,189.0,183.0,24.0,55.0,129.0,175.0,19.0,76.0,104.0,173.0,200.0,131.0,25.0,101.0,167.0,43.0,195.0,82.0,98.0,98.0,186.0,39.0,26.0,8.0,93.0,,77.0,16.0,,26.0,186.0,196.0,185.0,198.0,39.0,31.0,93.0,7.0,125.0,158.0,112.0,,118.0,158.0,109.0,54.0,9.0,47.0,90.0,111.0,3.0,33.0,,14.0,110.0,186.0,114.0,56.0,187.0,124.0,108.0,39.0,139.0,46.0,88.0,144.0,134.0,54.0,88.0,22.0,4.0,70.0,37.0,124.0,131.0,101.0,,114.0,153.0,171.0,58.0,150.0,159.0,145.0,88.0,151.0,57.0,123.0,193.0,60.0,138.0,104.0,157.0,152.0,50.0,148.0,159.0,176.0,23.0,93.0,179.0,98.0,,53.0,84.0,150.0,114.0,171.0,2.0,155.0,136.0,85.0,141.0,146.0,27.0,98.0,35.0,45.0,81.0,166.0,175.0,66.0,,20.0,80.0,161.0,41.0,11.0,156.0,89.0,34.0,27.0,9.0,99.0,178.0,,,59.0,31.0,74.0,22.0,,175.0,118.0,126.0,42.0,53.0,165.0,170.0,76.0,47.0,,1.0,160.0,153.0,185.0,150.0,87.0,126.0,141.0,35.0,17.0,96.0,190.0,154.0,101.0,114.0,75.0,189.0,73.0,51.0,22.0,149.0,179.0,198.0,14.0,71.0,19.0,117.0,20.0,76.0,145.0,56.0,135.0,70.0,142.0,,86.0,109.0
2010,193.0,75.0,32.0,,201.0,88.0,,121.0,6.0,89.0,198.0,21.0,57.0,104.0,184.0,73.0,154.0,128.0,66.0,60.0,178.0,64.0,152.0,197.0,67.0,51.0,95.0,2.0,187.0,190.0,41.0,45.0,139.0,175.0,29.0,77.0,98.0,171.0,151.0,139.0,13.0,84.0,162.0,40.0,176.0,108.0,120.0,120.0,186.0,51.0,23.0,10.0,113.0,,70.0,30.0,,30.0,189.0,167.0,180.0,200.0,50.0,11.0,90.0,7.0,150.0,162.0,91.0,134.0,129.0,125.0,134.0,62.0,15.0,38.0,97.0,103.0,4.0,24.0,,11.0,122.0,190.0,120.0,78.0,174.0,115.0,105.0,45.0,139.0,51.0,95.0,137.0,135.0,62.0,93.0,36.0,9.0,77.0,36.0,100.0,129.0,114.0,,94.0,164.0,174.0,56.0,152.0,156.0,156.0,97.0,149.0,52.0,126.0,192.0,67.0,153.0,80.0,146.0,144.0,58.0,156.0,169.0,182.0,22.0,87.0,178.0,54.0,,76.0,87.0,142.0,120.0,159.0,2.0,160.0,150.0,65.0,159.0,141.0,26.0,103.0,48.0,20.0,92.0,162.0,173.0,75.0,,23.0,54.0,162.0,62.0,6.0,158.0,100.0,37.0,40.0,13.0,113.0,180.0,,,67.0,46.0,80.0,17.0,,182.0,131.0,126.0,27.0,21.0,172.0,176.0,69.0,45.0,,1.0,154.0,143.0,187.0,155.0,110.0,130.0,142.0,36.0,20.0,99.0,189.0,140.0,112.0,106.0,81.0,187.0,88.0,54.0,31.0,134.0,184.0,199.0,17.0,71.0,27.0,100.0,12.0,92.0,160.0,51.0,125.0,87.0,111.0,,72.0,115.0
2011,180.0,64.0,43.0,186.0,202.0,95.0,198.0,99.0,7.0,58.0,184.0,21.0,65.0,107.0,173.0,98.0,153.0,143.0,48.0,42.0,154.0,92.0,159.0,198.0,97.0,36.0,77.0,4.0,185.0,197.0,56.0,45.0,143.0,170.0,46.0,83.0,73.0,167.0,111.0,148.0,14.0,73.0,162.0,42.0,182.0,128.0,125.0,125.0,192.0,58.0,18.0,9.0,88.0,156.0,95.0,35.0,,20.0,194.0,141.0,150.0,201.0,56.0,31.0,84.0,5.0,152.0,184.0,73.0,,131.0,124.0,152.0,79.0,16.0,62.0,109.0,65.0,3.0,25.0,,11.0,109.0,191.0,112.0,64.0,150.0,108.0,97.0,48.0,152.0,41.0,113.0,152.0,133.0,48.0,93.0,39.0,8.0,50.0,16.0,87.0,133.0,128.0,,99.0,176.0,174.0,76.0,156.0,168.0,138.0,64.0,133.0,64.0,125.0,189.0,90.0,151.0,81.0,145.0,159.0,73.0,160.0,187.0,190.0,22.0,99.0,172.0,28.0,,65.0,101.0,163.0,135.0,150.0,1.0,150.0,157.0,85.0,162.0,97.0,40.0,114.0,63.0,15.0,103.0,171.0,167.0,59.0,189.0,25.0,44.0,157.0,68.0,7.0,131.0,93.0,30.0,52.0,14.0,127.0,182.0,,194.0,89.0,55.0,50.0,23.0,,188.0,94.0,140.0,29.0,21.0,179.0,188.0,47.0,30.0,,1.0,172.0,118.0,183.0,151.0,104.0,113.0,166.0,23.0,23.0,107.0,181.0,138.0,125.0,120.0,106.0,191.0,87.0,55.0,27.0,141.0,192.0,180.0,26.0,83.0,44.0,112.0,6.0,81.0,168.0,53.0,131.0,95.0,135.0,,83.0,97.0
2012,170.0,77.0,30.0,183.0,200.0,82.0,202.0,101.0,7.0,55.0,160.0,25.0,65.0,111.0,168.0,103.0,161.0,165.0,71.0,39.0,140.0,97.0,115.0,201.0,86.0,26.0,111.0,9.0,196.0,198.0,79.0,82.0,130.0,180.0,62.0,71.0,68.0,183.0,90.0,123.0,15.0,74.0,171.0,20.0,189.0,100.0,114.0,114.0,196.0,62.0,15.0,9.0,132.0,159.0,126.0,25.0,,12.0,197.0,169.0,119.0,201.0,28.0,46.0,66.0,5.0,108.0,189.0,59.0,,125.0,136.0,161.0,82.0,15.0,48.0,124.0,83.0,2.0,27.0,,12.0,139.0,188.0,84.0,68.0,169.0,107.0,67.0,60.0,161.0,35.0,115.0,163.0,155.0,50.0,79.0,65.0,8.0,55.0,24.0,83.0,141.0,122.0,,97.0,195.0,179.0,84.0,124.0,161.0,116.0,48.0,142.0,98.0,125.0,198.0,97.0,166.0,98.0,155.0,164.0,38.0,148.0,203.0,196.0,19.0,138.0,178.0,46.0,179.0,67.0,107.0,174.0,120.0,157.0,5.0,,141.0,106.0,142.0,116.0,57.0,92.0,100.0,25.0,93.0,180.0,154.0,49.0,191.0,28.0,38.0,150.0,61.0,5.0,131.0,94.0,25.0,48.0,11.0,116.0,160.0,,134.0,99.0,52.0,66.0,33.0,,189.0,62.0,156.0,40.0,32.0,168.0,190.0,69.0,30.0,198.0,1.0,182.0,113.0,179.0,141.0,106.0,129.0,181.0,18.0,17.0,134.0,157.0,135.0,135.0,136.0,91.0,176.0,79.0,49.0,32.0,137.0,200.0,181.0,30.0,88.0,48.0,119.0,5.0,68.0,169.0,46.0,117.0,48.0,154.0,,43.0,101.0
2013,145.0,51.0,31.0,194.0,202.0,91.0,205.0,118.0,3.0,66.0,159.0,47.0,61.0,110.0,182.0,117.0,159.0,151.0,72.0,12.0,141.0,99.0,161.0,,57.0,19.0,113.0,14.0,195.0,185.0,57.0,54.0,120.0,190.0,62.0,89.0,55.0,194.0,78.0,157.0,20.0,96.0,173.0,4.0,192.0,89.0,86.0,86.0,202.0,43.0,14.0,9.0,82.0,178.0,128.0,26.0,,23.0,203.0,166.0,92.0,185.0,15.0,59.0,87.0,9.0,89.0,196.0,89.0,,102.0,165.0,180.0,73.0,19.0,77.0,146.0,90.0,2.0,22.0,,12.0,130.0,176.0,97.0,69.0,180.0,129.0,64.0,47.0,149.0,35.0,69.0,152.0,165.0,52.0,99.0,65.0,6.0,66.0,35.0,77.0,140.0,121.0,,110.0,157.0,167.0,113.0,126.0,153.0,107.0,63.0,152.0,108.0,139.0,200.0,82.0,184.0,114.0,159.0,156.0,31.0,144.0,165.0,183.0,18.0,122.0,182.0,34.0,181.0,75.0,110.0,154.0,125.0,169.0,7.0,,106.0,78.0,155.0,102.0,34.0,111.0,102.0,34.0,98.0,170.0,148.0,40.0,194.0,44.0,34.0,141.0,66.0,7.0,137.0,104.0,48.0,32.0,14.0,132.0,180.0,,156.0,105.0,57.0,76.0,36.0,,195.0,70.0,158.0,56.0,44.0,161.0,201.0,63.0,47.0,200.0,1.0,173.0,137.0,145.0,130.0,127.0,118.0,181.0,24.0,12.0,138.0,142.0,119.0,121.0,140.0,73.0,188.0,79.0,46.0,46.0,130.0,,190.0,22.0,85.0,32.0,85.0,12.0,60.0,177.0,39.0,141.0,55.0,172.0,,55.0,104.0
2014,132.0,59.0,22.0,196.0,199.0,88.0,206.0,124.0,3.0,47.0,141.0,73.0,37.0,97.0,189.0,109.0,166.0,160.0,88.0,7.0,156.0,90.0,173.0,,76.0,22.0,96.0,6.0,199.0,193.0,68.0,60.0,126.0,190.0,47.0,114.0,43.0,197.0,120.0,151.0,13.0,95.0,176.0,4.0,180.0,76.0,79.0,79.0,205.0,24.0,23.0,17.0,103.0,170.0,117.0,29.0,,25.0,204.0,169.0,112.0,189.0,24.0,39.0,86.0,14.0,114.0,201.0,90.0,,107.0,162.0,186.0,61.0,12.0,83.0,149.0,106.0,1.0,35.0,,14.0,140.0,167.0,106.0,52.0,152.0,155.0,87.0,47.0,155.0,44.0,44.0,155.0,155.0,44.0,99.0,60.0,10.0,84.0,48.0,68.0,128.0,108.0,,113.0,148.0,165.0,105.0,120.0,129.0,113.0,67.0,153.0,101.0,119.0,195.0,87.0,163.0,110.0,150.0,148.0,55.0,140.0,142.0,183.0,19.0,106.0,188.0,52.0,175.0,79.0,110.0,151.0,116.0,170.0,8.0,,136.0,108.0,170.0,108.0,41.0,141.0,76.0,60.0,80.0,169.0,123.0,43.0,197.0,58.0,47.0,131.0,62.0,6.0,155.0,95.0,65.0,26.0,23.0,110.0,186.0,179.0,169.0,84.0,31.0,55.0,33.0,,176.0,71.0,152.0,41.0,35.0,176.0,203.0,61.0,60.0,192.0,4.0,173.0,142.0,139.0,128.0,117.0,139.0,170.0,31.0,8.0,142.0,158.0,125.0,113.0,149.0,82.0,192.0,71.0,39.0,40.0,142.0,179.0,193.0,17.0,83.0,20.0,69.0,7.0,59.0,185.0,51.0,132.0,42.0,180.0,,73.0,99.0
2015,141.0,44.0,20.0,192.0,202.0,90.0,208.0,97.0,1.0,89.0,130.0,64.0,17.0,117.0,196.0,111.0,170.0,139.0,89.0,2.0,142.0,98.0,146.0,168.0,79.0,28.0,108.0,5.0,197.0,187.0,68.0,72.0,123.0,180.0,47.0,106.0,41.0,194.0,143.0,154.0,11.0,82.0,181.0,4.0,182.0,49.0,56.0,56.0,196.0,26.0,21.0,16.0,109.0,151.0,88.0,18.0,,29.0,206.0,174.0,122.0,166.0,29.0,54.0,92.0,11.0,65.0,202.0,86.0,,104.0,92.0,192.0,74.0,16.0,62.0,158.0,132.0,1.0,28.0,,33.0,160.0,160.0,90.0,49.0,139.0,157.0,78.0,82.0,155.0,38.0,31.0,160.0,163.0,41.0,89.0,45.0,13.0,66.0,53.0,95.0,137.0,117.0,,127.0,148.0,173.0,92.0,135.0,130.0,127.0,102.0,141.0,105.0,138.0,187.0,111.0,132.0,97.0,164.0,157.0,57.0,153.0,119.0,181.0,24.0,128.0,200.0,73.0,177.0,84.0,96.0,155.0,114.0,184.0,8.0,,167.0,141.0,142.0,110.0,49.0,136.0,40.0,62.0,97.0,175.0,128.0,59.0,202.0,67.0,54.0,132.0,35.0,6.0,161.0,96.0,55.0,12.0,28.0,81.0,187.0,190.0,180.0,92.0,35.0,37.0,49.0,,185.0,99.0,155.0,19.0,49.0,190.0,204.0,65.0,55.0,179.0,9.0,183.0,115.0,135.0,119.0,105.0,167.0,150.0,40.0,12.0,130.0,181.0,147.0,122.0,140.0,79.0,198.0,59.0,31.0,44.0,147.0,188.0,180.0,29.0,72.0,29.0,69.0,12.0,73.0,195.0,68.0,138.0,19.0,173.0,,65.0,114.0
2016,149.0,41.0,34.0,175.0,202.0,126.0,,86.0,1.0,108.0,141.0,54.0,18.0,118.0,,127.0,181.0,149.0,71.0,2.0,141.0,71.0,175.0,186.0,84.0,23.0,95.0,5.0,201.0,192.0,73.0,71.0,126.0,178.0,59.0,99.0,55.0,198.0,102.0,116.0,4.0,83.0,176.0,5.0,157.0,60.0,53.0,53.0,175.0,24.0,32.0,17.0,134.0,126.0,92.0,32.0,,43.0,,172.0,141.0,179.0,15.0,46.0,116.0,11.0,85.0,,105.0,,122.0,97.0,183.0,68.0,14.0,95.0,167.0,123.0,3.0,41.0,,42.0,157.0,168.0,87.0,61.0,99.0,137.0,78.0,85.0,141.0,20.0,29.0,152.0,182.0,37.0,105.0,72.0,13.0,62.0,53.0,87.0,107.0,99.0,173.0,147.0,107.0,175.0,106.0,148.0,149.0,103.0,95.0,176.0,122.0,140.0,193.0,144.0,130.0,108.0,166.0,162.0,62.0,170.0,108.0,153.0,17.0,160.0,201.0,84.0,193.0,63.0,100.0,159.0,123.0,185.0,19.0,,174.0,127.0,106.0,120.0,62.0,110.0,29.0,60.0,107.0,191.0,121.0,58.0,182.0,40.0,35.0,125.0,22.0,7.0,148.0,83.0,29.0,25.0,35.0,98.0,177.0,200.0,154.0,59.0,50.0,40.0,49.0,,185.0,104.0,154.0,26.0,58.0,189.0,,66.0,48.0,155.0,7.0,191.0,92.0,157.0,154.0,135.0,174.0,115.0,37.0,13.0,108.0,177.0,147.0,134.0,124.0,99.0,,61.0,42.0,19.0,123.0,198.0,190.0,28.0,69.0,26.0,67.0,10.0,62.0,182.0,66.0,139.0,16.0,163.0,,83.0,115.0
2017,153.0,62.0,53.0,190.0,165.0,142.0,,109.0,2.0,79.0,169.0,46.0,36.0,93.0,,124.0,192.0,163.0,79.0,6.0,156.0,80.0,183.0,174.0,69.0,31.0,131.0,1.0,204.0,187.0,54.0,43.0,136.0,173.0,39.0,104.0,81.0,201.0,119.0,153.0,6.0,75.0,151.0,8.0,138.0,85.0,37.0,37.0,190.0,21.0,51.0,16.0,167.0,77.0,96.0,45.0,,38.0,188.0,176.0,149.0,194.0,36.0,25.0,107.0,13.0,122.0,,98.0,,127.0,86.0,178.0,92.0,7.0,89.0,167.0,115.0,2.0,48.0,,42.0,162.0,186.0,102.0,68.0,87.0,149.0,60.0,69.0,144.0,42.0,21.0,108.0,169.0,29.0,104.0,71.0,13.0,68.0,47.0,109.0,111.0,88.0,173.0,174.0,124.0,172.0,125.0,124.0,143.0,129.0,87.0,187.0,115.0,122.0,183.0,125.0,111.0,111.0,164.0,149.0,66.0,184.0,97.0,154.0,16.0,161.0,196.0,54.0,199.0,51.0,106.0,158.0,114.0,171.0,26.0,,157.0,114.0,108.0,120.0,42.0,119.0,26.0,77.0,114.0,199.0,106.0,55.0,162.0,37.0,14.0,123.0,9.0,5.0,150.0,88.0,27.0,42.0,62.0,113.0,191.0,203.0,171.0,56.0,52.0,29.0,43.0,,190.0,97.0,165.0,23.0,58.0,168.0,,68.0,48.0,154.0,9.0,197.0,100.0,176.0,174.0,145.0,119.0,114.0,29.0,8.0,82.0,150.0,135.0,138.0,130.0,110.0,,83.0,34.0,29.0,134.0,201.0,197.0,26.0,72.0,31.0,71.0,15.0,66.0,181.0,59.0,130.0,14.0,132.0,,87.0,105.0
2018,145.0,58.0,64.0,191.0,132.0,135.0,207.0,129.0,7.0,97.0,184.0,38.0,25.0,113.0,209.0,116.0,194.0,158.0,81.0,2.0,166.0,87.0,179.0,186.0,56.0,37.0,143.0,2.0,205.0,193.0,46.0,55.0,144.0,170.0,49.0,81.0,65.0,202.0,114.0,171.0,10.0,72.0,127.0,13.0,142.0,86.0,41.0,41.0,191.0,30.0,66.0,11.0,178.0,81.0,88.0,44.0,,11.0,194.0,175.0,154.0,191.0,60.0,50.0,78.0,10.0,142.0,204.0,93.0,,145.0,94.0,167.0,62.0,4.0,88.0,169.0,95.0,6.0,50.0,194.0,44.0,167.0,190.0,139.0,67.0,110.0,173.0,99.0,62.0,142.0,50.0,26.0,98.0,161.0,32.0,87.0,93.0,17.0,52.0,53.0,112.0,122.0,108.0,149.0,163.0,94.0,181.0,131.0,81.0,146.0,148.0,100.0,180.0,133.0,83.0,185.0,72.0,107.0,124.0,171.0,150.0,66.0,183.0,103.0,157.0,15.0,171.0,188.0,43.0,201.0,42.0,111.0,139.0,112.0,162.0,17.0,,154.0,122.0,126.0,107.0,47.0,111.0,28.0,52.0,88.0,200.0,91.0,61.0,166.0,31.0,15.0,116.0,13.0,4.0,170.0,97.0,30.0,30.0,55.0,128.0,195.0,205.0,184.0,68.0,36.0,25.0,33.0,,190.0,107.0,168.0,27.0,61.0,147.0,205.0,73.0,56.0,157.0,7.0,200.0,126.0,171.0,175.0,126.0,154.0,134.0,18.0,7.0,73.0,156.0,121.0,140.0,122.0,125.0,205.0,88.0,23.0,38.0,124.0,205.0,199.0,24.0,77.0,31.0,78.0,13.0,87.0,159.0,37.0,104.0,19.0,133.0,,77.0,112.0
2019,148.0,64.0,49.0,191.0,135.0,122.0,209.0,125.0,10.0,100.0,193.0,43.0,26.0,110.0,204.0,105.0,186.0,163.0,83.0,1.0,166.0,86.0,171.0,187.0,69.0,42.0,147.0,2.0,206.0,192.0,57.0,59.0,143.0,171.0,53.0,75.0,76.0,198.0,111.0,176.0,15.0,72.0,129.0,10.0,142.0,89.0,52.0,52.0,190.0,42.0,60.0,6.0,177.0,79.0,92.0,44.0,,12.0,190.0,180.0,155.0,197.0,62.0,52.0,70.0,4.0,141.0,204.0,100.0,146.0,149.0,106.0,164.0,57.0,2.0,86.0,162.0,92.0,14.0,49.0,196.0,52.0,166.0,194.0,138.0,72.0,119.0,173.0,91.0,63.0,141.0,49.0,38.0,104.0,165.0,25.0,75.0,87.0,15.0,50.0,28.0,97.0,116.0,106.0,120.0,154.0,95.0,186.0,136.0,88.0,141.0,152.0,103.0,181.0,131.0,92.0,182.0,69.0,98.0,125.0,159.0,152.0,59.0,181.0,102.0,163.0,13.0,172.0,187.0,56.0,191.0,42.0,112.0,139.0,116.0,165.0,14.0,,154.0,120.0,138.0,107.0,37.0,117.0,33.0,46.0,85.0,201.0,101.0,77.0,167.0,38.0,20.0,125.0,20.0,6.0,179.0,57.0,32.0,29.0,42.0,132.0,195.0,210.0,184.0,69.0,47.0,21.0,31.0,,195.0,116.0,159.0,30.0,63.0,141.0,200.0,71.0,38.0,167.0,8.0,202.0,135.0,173.0,173.0,128.0,147.0,140.0,16.0,10.0,83.0,158.0,119.0,134.0,113.0,125.0,203.0,98.0,27.0,35.0,132.0,205.0,202.0,23.0,78.0,25.0,67.0,5.0,85.0,163.0,27.0,96.0,22.0,142.0,,82.0,112.0
2020,149.0,66.0,33.0,192.0,140.0,124.0,209.0,126.0,8.0,101.0,200.0,41.0,25.0,112.0,195.0,98.0,186.0,162.0,87.0,1.0,170.0,83.0,168.0,189.0,76.0,50.0,147.0,3.0,208.0,191.0,62.0,58.0,146.0,173.0,52.0,72.0,78.0,193.0,110.0,177.0,17.0,75.0,137.0,11.0,132.0,90.0,57.0,57.0,,47.0,60.0,7.0,179.0,79.0,97.0,44.0,,14.0,184.0,184.0,158.0,196.0,61.0,50.0,69.0,4.0,142.0,205.0,106.0,153.0,146.0,108.0,163.0,56.0,2.0,83.0,158.0,89.0,14.0,47.0,195.0,53.0,159.0,199.0,130.0,73.0,118.0,166.0,85.0,62.0,142.0,48.0,41.0,107.0,173.0,31.0,69.0,90.0,12.0,47.0,27.0,96.0,119.0,105.0,115.0,147.0,95.0,188.0,137.0,90.0,139.0,152.0,103.0,180.0,130.0,97.0,182.0,66.0,92.0,123.0,153.0,155.0,56.0,181.0,100.0,172.0,10.0,175.0,190.0,63.0,183.0,40.0,105.0,135.0,117.0,170.0,14.0,,156.0,120.0,150.0,112.0,31.0,115.0,39.0,43.0,82.0,200.0,102.0,79.0,165.0,38.0,22.0,124.0,18.0,6.0,178.0,56.0,36.0,37.0,37.0,131.0,194.0,209.0,182.0,66.0,48.0,20.0,29.0,,202.0,117.0,157.0,33.0,63.0,140.0,196.0,71.0,39.0,166.0,7.0,206.0,139.0,175.0,167.0,127.0,140.0,,18.0,13.0,78.0,161.0,121.0,134.0,112.0,126.0,203.0,104.0,26.0,30.0,129.0,203.0,207.0,22.0,77.0,23.0,72.0,6.0,84.0,163.0,26.0,93.0,21.0,144.0,,88.0,110.0
2021,150.0,66.0,31.0,191.0,155.0,126.0,209.0,127.0,6.0,91.0,201.0,36.0,26.0,114.0,200.0,93.0,186.0,162.0,91.0,1.0,170.0,82.0,166.0,186.0,79.0,57.0,148.0,2.0,208.0,189.0,70.0,60.0,140.0,173.0,53.0,56.0,75.0,195.0,121.0,179.0,20.0,74.0,149.0,15.0,131.0,94.0,63.0,63.0,,47.0,56.0,15.0,179.0,78.0,101.0,34.0,,10.0,186.0,184.0,156.0,195.0,52.0,46.0,67.0,4.0,126.0,203.0,110.0,149.0,138.0,115.0,161.0,56.0,2.0,87.0,150.0,90.0,12.0,51.0,197.0,50.0,164.0,202.0,125.0,76.0,108.0,171.0,85.0,68.0,146.0,39.0,56.0,105.0,170.0,25.0,71.0,81.0,6.0,52.0,26.0,93.0,122.0,102.0,114.0,144.0,97.0,185.0,135.0,94.0,144.0,148.0,115.0,187.0,134.0,95.0,182.0,67.0,99.0,120.0,153.0,156.0,56.0,174.0,101.0,171.0,10.0,178.0,186.0,68.0,179.0,31.0,115.0,143.0,111.0,169.0,12.0,,155.0,116.0,144.0,115.0,34.0,110.0,50.0,41.0,79.0,198.0,101.0,71.0,164.0,37.0,23.0,126.0,23.0,6.0,174.0,50.0,47.0,42.0,36.0,131.0,193.0,209.0,189.0,57.0,43.0,20.0,26.0,,199.0,110.0,159.0,38.0,64.0,141.0,195.0,71.0,36.0,166.0,6.0,204.0,137.0,176.0,171.0,124.0,138.0,,18.0,13.0,81.0,159.0,117.0,133.0,114.0,130.0,200.0,101.0,27.0,35.0,131.0,205.0,207.0,15.0,83.0,25.0,70.0,12.0,84.0,163.0,43.0,94.0,18.0,149.0,,87.0,113.0
2022,150.0,65.0,43.0,189.0,154.0,126.0,209.0,127.0,4.0,92.0,200.0,39.0,32.0,125.0,201.0,89.0,187.0,163.0,93.0,1.0,171.0,83.0,166.0,186.0,77.0,59.0,148.0,1.0,208.0,189.0,72.0,56.0,140.0,171.0,37.0,35.0,72.0,195.0,130.0,180.0,27.0,76.0,157.0,18.0,129.0,97.0,66.0,66.0,190.0,36.0,52.0,15.0,178.0,79.0,105.0,32.0,,10.0,193.0,183.0,155.0,198.0,45.0,33.0,72.0,5.0,99.0,203.0,108.0,145.0,139.0,124.0,163.0,57.0,3.0,81.0,124.0,85.0,11.0,60.0,203.0,55.0,169.0,206.0,120.0,80.0,114.0,174.0,88.0,80.0,147.0,40.0,61.0,105.0,159.0,21.0,73.0,76.0,6.0,63.0,23.0,90.0,122.0,103.0,108.0,144.0,95.0,186.0,135.0,96.0,145.0,147.0,117.0,191.0,137.0,93.0,182.0,64.0,102.0,119.0,154.0,156.0,50.0,171.0,114.0,177.0,10.0,180.0,185.0,71.0,178.0,24.0,118.0,152.0,111.0,167.0,10.0,,156.0,106.0,144.0,115.0,31.0,108.0,54.0,43.0,77.0,197.0,100.0,62.0,163.0,50.0,22.0,131.0,27.0,8.0,172.0,51.0,48.0,47.0,35.0,136.0,193.0,210.0,186.0,51.0,39.0,19.0,25.0,,196.0,107.0,159.0,45.0,64.0,139.0,198.0,68.0,29.0,164.0,7.0,204.0,140.0,176.0,174.0,132.0,140.0,,18.0,14.0,89.0,161.0,114.0,131.0,111.0,123.0,199.0,102.0,35.0,41.0,134.0,205.0,207.0,14.0,85.0,27.0,68.0,14.0,84.0,165.0,58.0,97.0,19.0,151.0,,87.0,122.0
timezones,Asia/Kabul,Europe/Tirane,Africa/Algiers,Pacific/Pago_Pago,Europe/Andorra,Africa/Luanda,America/Anguilla,America/Antigua,America/Argentina/Buenos_Aires,Asia/Yerevan,America/Aruba,Australia/Melbourne,Europe/Vienna,Asia/Baku,America/Nassau,Asia/Bahrain,Asia/Dhaka,America/Barbados,Europe/Minsk,Europe/Brussels,America/Belize,Africa/Porto-Novo,Atlantic/Bermuda,Asia/Thimphu,America/La_Paz,Europe/Sarajevo,Africa/Gaborone,America/Sao_Paulo,Atlantic/Bermuda,Asia/Brunei,Europe/Sofia,Africa/Ouagadougou,Africa/Bujumbura,Asia/Phnom_Penh,Africa/Douala,America/Montreal,Atlantic/Cape_Verde,America/Cayman,Africa/Bangui,Africa/Ndjamena,America/Santiago,Asia/Shanghai,Asia/Taipei,America/Bogota,Indian/Comoro,Africa/Brazzaville,Africa/Kinshasa,Africa/Kinshasa,US/Hawaii,America/Costa_Rica,Africa/Abidjan,Europe/Zagreb,America/Havana,America/Curacao,Asia/Nicosia,Europe/Prague,Europe/Prague,Europe/Copenhagen,Africa/Djibouti,America/Dominica,America/Santo_Domingo,Asia/Dili,America/Guayaquil,Africa/Cairo,America/El_Salvador,Europe/London,Africa/Malabo,Africa/Asmera,Europe/Tallinn,Africa/Mbabane,Africa/Addis_Ababa,Atlantic/Faroe,Pacific/Fiji,Europe/Helsinki,Europe/Paris,Africa/Libreville,Africa/Banjul,Asia/Tbilisi,Europe/Berlin,Africa/Accra,Europe/Gibraltar,Europe/Athens,America/Grenada,Pacific/Guam,America/Guatemala,Africa/Conakry,Africa/Bissau,America/Guyana,America/Guatemala,America/Tegucigalpa,Asia/Hong_Kong,Europe/Budapest,Atlantic/Reykjavik,Asia/Calcutta,Asia/Jakarta,Asia/Tehran,Asia/Baghdad,Asia/Jerusalem,Europe/Rome,America/Jamaica,Asia/Tokyo,Asia/Amman,Asia/Almaty,Africa/Nairobi,Europe/Belgrade,Asia/Kuwait,Asia/Bishkek,Asia/Vientiane,Europe/Riga,Asia/Beirut,Africa/Maseru,Africa/Monrovia,Africa/Tripoli,Europe/Vaduz,Europe/Vilnius,Europe/Luxembourg,Asia/Macau,Europe/Skopje,Indian/Antananarivo,Africa/Blantyre,Asia/Kuala_Lumpur,Indian/Maldives,Africa/Bamako,Europe/Malta,Africa/Nouakchott,Indian/Mauritius,America/Mexico_City,Europe/Chisinau,Asia/Ulaanbaatar,Europe/Podgorica,America/Montserrat,Africa/Casablanca,Africa/Maputo,Asia/Rangoon,Africa/Windhoek,Asia/Katmandu,Europe/Amsterdam,America/Puerto_Rico,Pacific/Noumea,Pacific/Auckland,America/Managua,Africa/Niamey,Africa/Lagos,Asia/Pyongyang,Europe/London,Europe/Oslo,Asia/Muscat,Asia/Karachi,Asia/Jerusalem,America/Panama,Pacific/Port_Moresby,America/Asuncion,America/Lima,Asia/Manila,Europe/Warsaw,Europe/Lisbon,America/Puerto_Rico,Asia/Qatar,Europe/Dublin,Europe/Bucharest,Europe/Moscow,Africa/Kigali,Pacific/Apia,Europe/San_Marino,Africa/Sao_Tome,Asia/Riyadh,Europe/London,Africa/Dakar,Europe/Belgrade,Europe/Belgrade,Indian/Mahe,Africa/Freetown,Asia/Singapore,Europe/Bratislava,Europe/Ljubljana,Pacific/Guadalcanal,Africa/Mogadishu,Africa/Johannesburg,Asia/seoul,Africa/Juba,Europe/Madrid,Asia/Colombo,America/St_Kitts,America/St_Lucia,America/St_Vincent,Africa/Khartoum,America/Paramaribo,Africa/Mbabane,Europe/Stockholm,Europe/Zurich,Asia/Damascus,Pacific/Tahiti,Asia/Dushanbe,Africa/Dar_es_Salaam,Asia/Bangkok,Africa/Lome,Pacific/Tongatapu,America/Port_of_Spain,Africa/Tunis,Europe/Istanbul,Asia/Ashgabat,America/Grand_Turk,Atlantic/Bermuda,America/New_York,Africa/Kampala,Europe/Kiev,Asia/Dubai,America/Montevideo,Asia/Samarkand,Pacific/Efate,America/Caracas,Asia/Saigon,Europe/London,Asia/Aden,Europe/Belgrade,Africa/Lusaka,Africa/Harare
code,AF,AL,DZ,AS,AD,AO,AL,AG,AR,AM,AW,AU,AT,AZ,BS,BH,BD,BB,BY,BE,BZ,BJ,VI,BT,BO,BA,BW,BR,VG,BN,BG,BF,BI,KH,CM,CA,CV,KY,CF,TD,CL,CN,TW,CO,KM,CG,CD,CD,CK,CR,CI,HR,CU,SZ,CY,CZ,CS,DK,DJ,DM,DO,TL,EC,EG,SV,GB,GQ,ER,EE,SZ,ET,FO,FJ,FI,FR,GA,GM,GE,DE,GH,GI,GR,GD,GU,GT,GN,GW,GY,GT,HN,HK,HU,IS,IN,ID,IR,IQ,IL,IT,JM,JP,JO,KZ,KE,RS,KW,KG,LA,LV,LB,LS,LR,LY,LI,LT,LU,MO,MK,MG,MW,MY,MV,ML,MT,MR,MU,MX,MD,MN,ME,MS,MA,MZ,MM,,NP,NL,AN,NC,NZ,NI,NE,NG,KP,GB,NO,OM,PK,PS,PA,PG,PY,PE,PH,PL,PT,PR,QA,IE,RO,RU,RW,WS,SM,ST,SA,GB,SN,RS,RS,SC,SL,SG,SK,SI,SB,SO,ZA,KR,SS,ES,LK,KN,LC,VC,SD,SR,SZ,SE,CH,SY,,TJ,TZ,TH,TG,TO,TT,TN,TR,TM,TC,AW,US,UG,UA,AE,UY,UZ,VU,VE,VN,GB,YE,YG,ZM,ZW
continent,Asia,Europe,Africa,North America,Europe,Africa,North America,North America,South America,Asia,North America,Oceania,Europe,Asia,North America,Asia,Asia,North America,Europe,Europe,North America,Africa,Atlantic,Asia,South America,Europe,Africa,South America,Atlantic,Asia,Europe,Africa,Africa,Asia,Africa,North America,Atlantic,North America,Africa,Africa,South America,Asia,Asia,South America,Africa,Africa,Africa,Africa,Oceania,North America,Africa,Europe,North America,North America,Asia,Europe,Europe,Europe,Africa,North America,North America,Asia,South America,Africa,North America,Europe,Africa,Africa,Europe,Africa,Africa,Europe,Oceania,Europe,Europe,Africa,Africa,Asia,Europe,Africa,Europe,Europe,North America,Oceania,North America,Africa,Africa,South America,North America,North America,Asia,Europe,Europe,Asia,Asia,Asia,Asia,Asia,Europe,North America,Asia,Asia,Asia,Africa,Europe,Asia,Asia,Asia,Europe,Asia,Africa,Africa,Africa,Europe,Europe,Europe,Asia,Europe,Africa,Africa,Asia,Asia,Africa,Europe,Africa,Africa,North America,Europe,Asia,Europe,North America,Africa,Africa,Asia,Africa,Asia,Europe,North America,Oceania,Oceania,North America,Africa,Africa,Asia,Europe,Europe,Asia,Asia,Asia,North America,Oceania,South America,South America,Asia,Europe,Europe,America,Asia,Europe,Europe,Europe,Africa,Oceania,Europe,Africa,Asia,Europe,Africa,Europe,Europe,Africa,Africa,Asia,Europe,Europe,Oceania,Africa,Africa,Asia,Africa,Europe,Asia,North America,North America,North America,Africa,South America,Africa,Europe,Europe,Asia,Atlantic,Asia,Africa,Asia,Africa,Oceania,North America,Africa,Asia,Asia,North America,Atlantic,North America,Africa,Europe,Asia,South America,Asia,Oceania,South America,Asia,Europe,Asia,Europe,Africa,Africa
capital,Kabul,Tirana,Algiers,Pago Pago,Andorra la Vella,Luanda,The Valley,St. John's,Buenos Aires,Yerevan,Oranjestad,Canberra,Vienna,Baku,Nassau,Manama,Dhaka,Bridgetown,Minsk,Brussels,Belmopan,Porto-Novo,Charlotte Amalie,Thimphu,Sucre,Sarajevo,Gaborone,Brasilia,Road Town,Bandar Seri Begawan,Sofia,Ouagadougou,Bujumbura,Phnom Penh,Yaounde,Ottawa,Praia,George Town,Bangui,N'Djamena,Santiago,Beijing,Taipei,Bogota,Moroni,Brazzaville,Kinshasa,Kinshasa,Avarua,San Jose,Yamoussoukro,Zagreb,Havana,Willemstad,Nicosia,Prague,Prague,Copenhagen,Djibouti City,Roseau,Santo Domingo,Dili,Quito,Cairo,San Salvador,London,Malabo,Asmara,Tallinn,Mbabane,Addis Ababa,Torshavn,Suva,Helsinki,Paris,Libreville,Banjul,Tbilisi,Berlin,Accra,Westside,Athens,St. George's,Hagatna,Guatemala City,Conakry,Bissau,Georgetown,Port-au-Prince,Tegucigalpa,,Budapest,Reykjavik,New Delhi,Jakarta,Tehran,Baghdad,Jerusalem,Rome,Kingston,Tokyo,Amman,Astana,Nairobi,Pristina,Kuwait City,Bishkek,Vientiane,Riga,Beirut,Maseru,Monrovia,Tripoli,Vaduz,Vilnius,Luxembourg City,,Skopje,Antananarivo,Lilongwe,Kuala Lumpur,Male,Bamako,Valletta,Nouakchott,Port Louis,Mexico City,Chisinau,Ulaanbaatar,Podgorica,Plymouth,Rabat,Maputo,Naypyidaw,Windhoek,Kathmandu,Amsterdam,Willemstad,Noumea,Wellington,Managua,Niamey,Abuja,Pyongyang,Belfast,Oslo,Muscat,Islamabad,Jerusalem,Panama City,Port Moresby,Asuncion,Lima,Manila,Warsaw,Lisbon,San Juan,Doha,Dublin,Bucharest,Moscow,Kigali,Apia,San Marino,Sao Tome,Riyadh,Edinburgh,Dakar,Belgrade,Belgrade,Victoria,Freetown,Singapore,Bratislava,Ljubljana,Honiara,Mogadishu,Pretoria,Seoul,Juba,Madrid,Sri Jayewardenepura Kotte,Basseterre,Castries,Kingstown,Khartoum,Paramaribo,Mbabane,Stockholm,Bern,Damascus, Papeete,Dushanbe,Dodoma,Bangkok,Lome,Nukualofa,Port of Spain,Tunis,Ankara,Ashgabat,Grand Turk,Hamilton,"Washington, D.C.",Kampala,Kiev,Abu Dhabi,Montevideo,Tashkent,Port Vila,Caracas,Hanoi,Cardiff,Sana'a,Belgrade,Lusaka,Harare
country_abrv,AFG,ALB,ALG,ASA,AND,ANG,AIA,ATG,ARG,ARM,ARU,AUS,AUT,AZE,BAH,BHR,BAN,BRB,BLR,BEL,BLZ,BEN,BER,BHU,BOL,BIH,BOT,BRA,VGB,BRU,BUL,BFA,BDI,CAM,CMR,CAN,CPV,CAY,CTA,CHA,CHI,CHN,TPE,COL,COM,CGO,ZAI,COD,COK,CRC,CIV,CRO,CUB,CUW,CYP,CZE,TCH,DEN,DJI,DMA,DOM,TLS,ECU,EGY,SLV,ENG,EQG,ERI,EST,,ETH,FRO,FIJ,FIN,FRA,GAB,GAM,GEO,GER,GHA,GIB,GRE,GRN,GUM,GUA,GUI,GNB,GUY,HAI,HON,HKG,HUN,ISL,IND,IDN,IRN,IRQ,ISR,ITA,JAM,JPN,JOR,KAZ,KEN,KVX,KUW,KGZ,LAO,LVA,LBN,LES,LBR,LBY,LIE,LTU,LUX,MAC,MKD,MAD,MWI,MAS,MDV,MLI,MLT,MTN,MRI,MEX,MDA,MNG,MNE,MSR,MAR,MOZ,MYA,NAM,NEP,NED,ANT,NCL,NZL,NCA,NIG,NGA,PRK,NIR,NOR,OMA,PAK,PLE,PAN,PNG,PAR,PER,PHI,POL,POR,PUR,QAT,IRL,ROU,RUS,RWA,SAM,SMR,STP,KSA,SCO,SEN,SRB,SCG,SEY,SLE,SIN,SVK,SVN,SOL,SOM,RSA,KOR,SSD,ESP,SRI,SKN,LCA,VIN,SDN,SUR,SWZ,SWE,SUI,SYR,TAH,TJK,TAN,THA,TOG,TGA,TRI,TUN,TUR,TKM,TCA,VIR,USA,UGA,UKR,UAE,URU,UZB,VAN,VEN,VIE,WAL,YEM,YUG,ZAM,ZIM
confederation,AFC,UEFA,CAF,OFC,UEFA,CAF,CONCACAF,CONCACAF,CONMEBOL,UEFA,CONCACAF,AFC,UEFA,UEFA,CONCACAF,AFC,AFC,CONCACAF,UEFA,UEFA,CONCACAF,CAF,CONCACAF,AFC,CONMEBOL,UEFA,CAF,CONMEBOL,CONCACAF,AFC,UEFA,CAF,CAF,AFC,CAF,CONCACAF,CAF,CONCACAF,CAF,CAF,CONMEBOL,AFC,AFC,CONMEBOL,CAF,CAF,CAF,CAF,OFC,CONCACAF,CAF,UEFA,CONCACAF,CONCACAF,UEFA,UEFA,UEFA,UEFA,CAF,CONCACAF,CONCACAF,AFC,CONMEBOL,CAF,CONCACAF,UEFA,CAF,CAF,UEFA,,CAF,UEFA,OFC,UEFA,UEFA,CAF,CAF,UEFA,UEFA,CAF,UEFA,UEFA,CONCACAF,AFC,CONCACAF,CAF,CAF,CONCACAF,CONCACAF,CONCACAF,AFC,UEFA,UEFA,AFC,AFC,AFC,AFC,UEFA,UEFA,CONCACAF,AFC,AFC,UEFA,CAF,UEFA,AFC,AFC,AFC,UEFA,AFC,CAF,CAF,CAF,UEFA,UEFA,UEFA,AFC,UEFA,CAF,CAF,AFC,AFC,CAF,UEFA,CAF,CAF,CONCACAF,UEFA,AFC,UEFA,CONCACAF,CAF,CAF,AFC,CAF,AFC,UEFA,CONCACAF,OFC,OFC,CONCACAF,CAF,CAF,AFC,UEFA,UEFA,AFC,AFC,AFC,CONCACAF,OFC,CONMEBOL,CONMEBOL,AFC,UEFA,UEFA,CONCACAF,AFC,UEFA,UEFA,UEFA,CAF,OFC,UEFA,CAF,AFC,UEFA,CAF,UEFA,UEFA,CAF,CAF,AFC,UEFA,UEFA,OFC,CAF,CAF,AFC,CAF,UEFA,AFC,CONCACAF,CONCACAF,CONCACAF,CAF,CONCACAF,CAF,UEFA,UEFA,AFC,OFC,AFC,CAF,AFC,CAF,OFC,CONCACAF,CAF,UEFA,AFC,CONCACAF,CONCACAF,CONCACAF,CAF,UEFA,AFC,CONMEBOL,AFC,OFC,CONMEBOL,AFC,UEFA,AFC,UEFA,CAF,CAF
timeDiff2018,1.5,1.0,2.0,8.0,1.0,2.0,1.0,1.0,0.0,1.0,1.0,7.0,1.0,1.0,1.0,0.0,3.0,1.0,0.0,1.0,3.0,2.0,0.0,3.0,1.0,1.0,1.0,0.0,0.0,5.0,0.0,3.0,1.0,4.0,2.0,1.0,2.0,2.0,2.0,2.0,1.0,5.0,5.0,2.0,0.0,2.0,2.0,2.0,7.0,3.0,3.0,1.0,1.0,1.0,0.0,1.0,1.0,1.0,0.0,1.0,1.0,6.0,2.0,1.0,3.0,2.0,2.0,0.0,0.0,1.0,0.0,2.0,9.0,0.0,1.0,2.0,3.0,1.0,1.0,3.0,1.0,0.0,1.0,7.0,3.0,3.0,3.0,1.0,3.0,3.0,5.0,1.0,3.0,2.5,4.0,1.5,0.0,0.0,1.0,2.0,6.0,0.0,3.0,0.0,1.0,0.0,3.0,4.0,0.0,0.0,1.0,3.0,1.0,1.0,0.0,1.0,5.0,1.0,0.0,1.0,5.0,2.0,3.0,1.0,3.0,1.0,2.0,0.0,5.0,1.0,1.0,2.0,1.0,3.5,1.0,2.75,1.0,1.0,8.0,9.0,3.0,2.0,2.0,6.0,2.0,1.0,1.0,2.0,0.0,2.0,7.0,1.0,2.0,5.0,1.0,2.0,1.0,0.0,2.0,0.0,0.0,1.0,10.0,1.0,3.0,0.0,2.0,3.0,1.0,1.0,1.0,3.0,5.0,1.0,1.0,8.0,0.0,1.0,6.0,1.0,1.0,2.5,1.0,1.0,1.0,1.0,0.0,1.0,1.0,1.0,0.0,7.0,2.0,0.0,4.0,3.0,10.0,1.0,2.0,0.0,2.0,1.0,0.0,1.0,0.0,0.0,1.0,0.0,2.0,8.0,1.0,4.0,2.0,0.0,1.0,1.0,1.0
timeDiff2022,1.5,1.0,2.0,8.0,1.0,2.0,1.0,1.0,0.0,1.0,1.0,7.0,1.0,1.0,1.0,0.0,3.0,1.0,0.0,1.0,3.0,2.0,0.0,3.0,1.0,1.0,1.0,0.0,0.0,5.0,0.0,3.0,1.0,4.0,2.0,1.0,2.0,2.0,2.0,2.0,1.0,5.0,5.0,2.0,0.0,2.0,2.0,2.0,7.0,3.0,3.0,1.0,1.0,1.0,0.0,1.0,1.0,1.0,0.0,1.0,1.0,6.0,2.0,1.0,3.0,2.0,2.0,0.0,0.0,1.0,0.0,2.0,9.0,0.0,1.0,2.0,3.0,1.0,1.0,3.0,1.0,0.0,1.0,7.0,3.0,3.0,3.0,1.0,3.0,3.0,5.0,1.0,3.0,2.5,4.0,1.5,0.0,0.0,1.0,2.0,6.0,0.0,3.0,0.0,1.0,0.0,3.0,4.0,0.0,0.0,1.0,3.0,1.0,1.0,0.0,1.0,5.0,1.0,0.0,1.0,5.0,2.0,3.0,1.0,3.0,1.0,2.0,0.0,5.0,1.0,1.0,2.0,1.0,3.5,1.0,2.75,1.0,1.0,8.0,9.0,3.0,2.0,2.0,6.0,2.0,1.0,1.0,2.0,0.0,2.0,7.0,1.0,2.0,5.0,1.0,2.0,1.0,0.0,2.0,0.0,0.0,1.0,10.0,1.0,3.0,0.0,2.0,3.0,1.0,1.0,1.0,3.0,5.0,1.0,1.0,8.0,0.0,1.0,6.0,1.0,1.0,2.5,1.0,1.0,1.0,1.0,0.0,1.0,1.0,1.0,0.0,7.0,2.0,0.0,4.0,3.0,10.0,1.0,2.0,0.0,2.0,1.0,0.0,1.0,0.0,0.0,1.0,0.0,2.0,8.0,1.0,4.0,2.0,0.0,1.0,1.0,1.0
